team,opp_pts,opp_reb,opp_ast,opp_stl,opp_blk,opp_tov,opp_fg3m,opp_pra,opp_pr,opp_pa,opp_ra,opp_bs,games,team_id,pts_rank,pts_tier,reb_rank,reb_tier,ast_rank,ast_tier,stl_rank,stl_tier,blk_rank,blk_tier,tov_rank,tov_tier,fg3m_rank,fg3m_tier,pra_rank,pra_tier,pr_rank,pr_tier,pa_rank,pa_tier,ra_rank,ra_tier,bs_rank,bs_tier,n_teams,overall_rank,stat_source
104,76.0,35.0,14.0,7.0,1.0,10.0,10.0,125.0,111.0,90.0,49.0,8.0,1,104,193.0,EASY,148.0,EASY_MID,137.0,EASY_MID,58.0,HARD_MID,7.0,HARD,20.0,HARD,215.0,EASY,183.0,EASY,185.0,EASY,189.0,EASY,156.0,EASY_MID,16.0,HARD,228,193.0,box
107,61.0,31.25,12.75,7.0,2.0,13.0,6.0,105.0,92.25,73.75,44.0,9.0,4,107,51.0,HARD_MID,88.0,HARD_MID,104.0,MID,58.0,HARD_MID,32.0,HARD,85.0,HARD_MID,105.0,MID,57.0,HARD_MID,53.0,HARD_MID,61.0,HARD_MID,84.0,HARD_MID,37.0,HARD,228,51.0,box
108,55.6,29.0,11.0,9.2,3.4,16.8,4.4,95.6,84.6,66.6,40.0,12.6,5,108,19.0,HARD,51.0,HARD_MID,55.0,HARD_MID,155.0,EASY_MID,113.0,MID,171.0,EASY_MID,63.0,HARD_MID,15.0,HARD,16.0,HARD,22.0,HARD,32.0,HARD,142.0,EASY_MID,228,19.0,box
111,51.0,38.0,9.0,6.0,2.0,12.0,4.0,98.0,89.0,60.0,47.0,8.0,1,111,4.0,HARD,188.0,EASY,14.0,HARD,33.0,HARD,32.0,HARD,54.0,HARD_MID,34.0,HARD,20.0,HARD,28.0,HARD,2.0,HARD,131.0,MID,16.0,HARD,228,4.0,box
112358,73.33333333333333,28.333333333333332,14.0,7.333333333333333,2.0,12.0,7.333333333333333,115.66666666666667,101.66666666666667,87.33333333333333,42.333333333333336,9.333333333333334,3,112358,173.0,EASY_MID,43.0,HARD,137.0,EASY_MID,86.0,HARD_MID,32.0,HARD,54.0,HARD_MID,167.0,EASY_MID,142.0,EASY_MID,139.0,EASY_MID,178.0,EASY_MID,61.0,HARD_MID,52.0,HARD_MID,228,173.0,box
113,67.0,40.0,12.0,6.0,3.0,20.0,8.0,119.0,107.0,79.0,52.0,9.0,1,113,117.0,MID,200.0,EASY,82.0,HARD_MID,33.0,HARD,80.0,HARD_MID,214.0,EASY,178.0,EASY_MID,161.0,EASY_MID,171.0,EASY_MID,111.0,MID,180.0,EASY_MID,37.0,HARD,228,117.0,box
119,72.0,29.0,13.0,8.0,2.0,8.0,8.0,114.0,101.0,85.0,42.0,10.0,1,119,165.0,EASY_MID,51.0,HARD_MID,105.0,MID,104.0,MID,32.0,HARD,4.0,HARD,178.0,EASY_MID,127.0,MID,131.0,MID,152.0,EASY_MID,54.0,HARD_MID,66.0,HARD_MID,228,165.0,box
120,70.5,26.5,9.0,2.5,1.5,14.5,4.5,106.0,97.0,79.5,35.5,4.0,2,120,155.0,EASY_MID,25.0,HARD,14.0,HARD,2.0,HARD,22.0,HARD,128.0,MID,64.0,HARD_MID,67.0,HARD_MID,98.0,MID,114.0,MID,7.0,HARD,1.0,HARD,228,155.0,box
127,69.5,35.0,15.5,8.5,4.0,17.5,4.5,120.0,104.5,85.0,50.5,12.5,2,127,149.0,EASY_MID,148.0,EASY_MID,178.0,EASY_MID,128.0,MID,138.0,EASY_MID,183.0,EASY,64.0,HARD_MID,165.0,EASY_MID,159.0,EASY_MID,152.0,EASY_MID,177.0,EASY_MID,138.0,EASY_MID,228,149.0,box
130,60.0,33.0,15.5,6.25,3.5,16.5,4.0,108.5,93.0,75.5,48.5,9.75,4,130,40.0,HARD,112.0,MID,178.0,EASY_MID,45.0,HARD,115.0,MID,164.0,EASY_MID,34.0,HARD,84.0,HARD_MID,61.0,HARD_MID,74.0,HARD_MID,152.0,EASY_MID,62.0,HARD_MID,228,40.0,box
142,75.0,42.5,18.5,11.5,4.0,12.0,11.5,136.0,117.5,93.5,61.0,15.5,2,142,185.0,EASY,214.0,EASY,210.0,EASY,203.0,EASY,138.0,EASY_MID,54.0,HARD_MID,225.0,EASY,212.0,EASY,210.0,EASY,207.0,EASY,219.0,EASY,204.0,EASY,228,185.0,box
145,65.5,30.0,13.5,4.0,2.0,16.5,8.0,109.0,95.5,79.0,43.5,6.0,2,145,100.0,MID,67.0,HARD_MID,125.0,MID,8.0,HARD,32.0,HARD,164.0,EASY_MID,178.0,EASY_MID,88.0,HARD_MID,80.0,HARD_MID,111.0,MID,81.0,HARD_MID,3.0,HARD,228,100.0,box
147,61.8,34.8,11.8,8.2,3.2,20.4,5.6,108.4,96.6,73.6,46.6,11.4,5,147,65.0,HARD_MID,147.0,EASY_MID,81.0,HARD_MID,122.0,MID,106.0,MID,217.0,EASY,100.0,MID,83.0,HARD_MID,96.0,MID,59.0,HARD_MID,129.0,MID,104.0,MID,228,65.0,box
151,54.0,41.0,11.0,4.0,4.0,16.0,2.0,106.0,95.0,65.0,52.0,8.0,1,151,10.0,HARD,204.0,EASY,55.0,HARD_MID,8.0,HARD,138.0,EASY_MID,154.0,EASY_MID,3.0,HARD,67.0,HARD_MID,77.0,HARD_MID,14.0,HARD,180.0,EASY_MID,16.0,HARD,228,10.0,box
152,76.5,37.5,17.0,10.5,2.5,10.5,8.5,131.0,114.0,93.5,54.5,13.0,2,152,200.0,EASY,183.0,EASY,191.0,EASY,186.0,EASY,65.0,HARD_MID,32.0,HARD,196.0,EASY,204.0,EASY,203.0,EASY,207.0,EASY,199.0,EASY,149.0,EASY_MID,228,200.0,box
154,59.0,42.0,15.0,12.0,3.0,17.0,7.0,116.0,101.0,74.0,57.0,15.0,1,154,33.0,HARD,210.0,EASY,160.0,EASY_MID,208.0,EASY,80.0,HARD_MID,172.0,EASY_MID,154.0,EASY_MID,145.0,EASY_MID,131.0,MID,62.0,HARD_MID,207.0,EASY,194.0,EASY,228,33.0,box
158,61.5,30.5,10.5,9.0,3.0,15.0,4.0,102.5,92.0,72.0,41.0,12.0,2,158,57.0,HARD_MID,78.0,HARD_MID,45.0,HARD,137.0,EASY_MID,80.0,HARD_MID,136.0,MID,34.0,HARD,40.0,HARD,46.0,HARD_MID,45.0,HARD,42.0,HARD,120.0,MID,228,57.0,box
16,56.0,34.5,9.5,9.0,3.0,16.0,3.0,100.0,90.5,65.5,44.0,12.0,2,16,20.0,HARD,142.0,EASY_MID,25.0,HARD,137.0,EASY_MID,80.0,HARD_MID,154.0,EASY_MID,14.0,HARD,25.0,HARD,41.0,HARD,16.0,HARD,84.0,HARD_MID,120.0,MID,228,20.0,box
161,55.5,28.75,7.0,5.5,2.0,10.25,3.75,91.25,84.25,62.5,35.75,7.5,4,161,18.0,HARD,49.0,HARD_MID,2.0,HARD,23.0,HARD,32.0,HARD,30.0,HARD,32.0,HARD,8.0,HARD,14.0,HARD,7.0,HARD,10.0,HARD,13.0,HARD,228,18.0,box
163,62.0,30.666666666666668,14.0,7.333333333333333,3.0,14.0,7.666666666666667,106.66666666666667,92.66666666666667,76.0,44.666666666666664,10.333333333333334,3,163,66.0,HARD_MID,81.0,HARD_MID,137.0,EASY_MID,86.0,HARD_MID,80.0,HARD_MID,112.0,MID,175.0,EASY_MID,73.0,HARD_MID,59.0,HARD_MID,80.0,HARD_MID,103.0,MID,77.0,HARD_MID,228,66.0,box
171,55.333333333333336,27.666666666666668,8.833333333333334,9.666666666666666,4.5,17.166666666666668,3.6666666666666665,91.83333333333333,83.0,64.16666666666667,36.5,14.166666666666666,6,171,16.0,HARD,34.0,HARD,13.0,HARD,167.0,EASY_MID,174.0,EASY_MID,182.0,EASY_MID,31.0,HARD,9.0,HARD,10.0,HARD,13.0,HARD,14.0,HARD,184.0,EASY,228,16.0,box
179,68.0,35.5,17.5,5.0,2.0,12.5,8.0,121.0,103.5,85.5,53.0,7.0,2,179,126.0,MID,161.0,EASY_MID,204.0,EASY,15.0,HARD,32.0,HARD,76.0,HARD_MID,178.0,EASY_MID,170.0,EASY_MID,152.0,EASY_MID,158.0,EASY_MID,186.0,EASY,7.0,HARD,228,126.0,box
183,80.5,36.5,23.0,9.5,2.0,11.0,8.0,140.0,117.0,103.5,59.5,11.5,2,183,213.0,EASY,173.0,EASY_MID,227.0,EASY,160.0,EASY_MID,32.0,HARD,36.0,HARD,178.0,EASY_MID,219.0,EASY,209.0,EASY,223.0,EASY,217.0,EASY,107.0,MID,228,213.0,box
189,75.0,43.0,22.0,8.0,5.0,17.0,11.0,140.0,118.0,97.0,65.0,13.0,1,189,185.0,EASY,215.0,EASY,225.0,EASY,104.0,MID,188.0,EASY,172.0,EASY_MID,222.0,EASY,219.0,EASY,211.0,EASY,214.0,EASY,225.0,EASY,149.0,EASY_MID,228,185.0,box
193,62.5,36.5,10.5,8.25,3.5,14.0,4.5,109.5,99.0,73.0,47.0,11.75,4,193,78.0,HARD_MID,173.0,EASY_MID,45.0,HARD,123.0,MID,115.0,MID,112.0,MID,64.0,HARD_MID,92.0,MID,111.0,MID,52.0,HARD_MID,131.0,MID,117.0,MID,228,78.0,box
194,68.5,32.0,6.5,8.5,1.5,15.0,3.0,107.0,100.5,75.0,38.5,10.0,2,194,136.0,MID,95.0,MID,1.0,HARD,128.0,MID,22.0,HARD,136.0,MID,14.0,HARD,75.0,HARD_MID,125.0,MID,71.0,HARD_MID,21.0,HARD,66.0,HARD_MID,228,136.0,box
195,76.66666666666667,42.333333333333336,13.0,9.333333333333334,5.333333333333333,18.666666666666668,10.333333333333334,132.0,119.0,89.66666666666667,55.333333333333336,14.666666666666666,3,195,204.0,EASY,213.0,EASY,105.0,MID,158.0,EASY_MID,207.0,EASY,202.0,EASY,220.0,EASY,206.0,EASY,214.0,EASY,188.0,EASY,203.0,EASY,191.0,EASY,228,204.0,box
197,77.5,26.0,19.5,6.5,5.0,8.5,7.5,123.0,103.5,97.0,45.5,11.5,2,197,207.0,EASY,18.0,HARD,217.0,EASY,46.0,HARD_MID,188.0,EASY,12.0,HARD,169.0,EASY_MID,177.0,EASY_MID,152.0,EASY_MID,214.0,EASY,116.0,MID,107.0,MID,228,207.0,box
2000,62.25,25.75,15.0,9.0,3.5,15.25,4.25,103.0,88.0,77.25,40.75,12.5,4,2000,76.0,HARD_MID,17.0,HARD,160.0,EASY_MID,137.0,EASY_MID,115.0,MID,148.0,EASY_MID,56.0,HARD_MID,43.0,HARD,24.0,HARD,96.0,MID,41.0,HARD,138.0,EASY_MID,228,76.0,box
2005,67.0,29.333333333333332,13.333333333333334,5.666666666666667,4.0,11.666666666666666,3.0,109.66666666666667,96.33333333333333,80.33333333333333,42.666666666666664,9.666666666666666,3,2005,117.0,MID,57.0,HARD_MID,123.0,MID,29.0,HARD,138.0,EASY_MID,50.0,HARD_MID,14.0,HARD,93.0,MID,93.0,MID,120.0,MID,70.0,HARD_MID,60.0,HARD_MID,228,117.0,box
201,74.66666666666667,33.666666666666664,13.0,9.666666666666666,2.6666666666666665,14.666666666666666,8.666666666666666,121.33333333333333,108.33333333333333,87.66666666666667,46.666666666666664,12.333333333333334,3,201,184.0,EASY,126.0,MID,105.0,MID,167.0,EASY_MID,72.0,HARD_MID,134.0,MID,201.0,EASY,173.0,EASY_MID,178.0,EASY_MID,179.0,EASY_MID,130.0,MID,136.0,MID,228,184.0,box
2010,63.666666666666664,32.0,14.333333333333334,6.666666666666667,3.3333333333333335,13.333333333333334,5.666666666666667,110.0,95.66666666666667,78.0,46.333333333333336,10.0,3,2010,84.0,HARD_MID,95.0,MID,151.0,EASY_MID,54.0,HARD_MID,109.0,MID,102.0,MID,101.0,MID,95.0,MID,82.0,HARD_MID,100.0,MID,127.0,MID,66.0,HARD_MID,228,84.0,box
2011,60.666666666666664,31.333333333333332,14.0,10.333333333333334,2.3333333333333335,17.666666666666668,4.666666666666667,106.0,92.0,74.66666666666667,45.333333333333336,12.666666666666666,3,2011,50.0,HARD_MID,89.0,HARD_MID,137.0,EASY_MID,184.0,EASY,64.0,HARD_MID,186.0,EASY,73.0,HARD_MID,67.0,HARD_MID,46.0,HARD_MID,69.0,HARD_MID,115.0,MID,143.0,EASY_MID,228,50.0,box
2016,68.5,35.5,13.5,9.0,4.5,19.5,3.0,117.5,104.0,82.0,49.0,13.5,2,2016,136.0,MID,161.0,EASY_MID,125.0,MID,137.0,EASY_MID,174.0,EASY_MID,211.0,EASY,14.0,HARD,155.0,EASY_MID,157.0,EASY_MID,133.0,MID,156.0,EASY_MID,168.0,EASY_MID,228,136.0,box
202,76.0,35.0,14.0,10.0,1.0,19.0,6.0,125.0,111.0,90.0,49.0,11.0,1,202,193.0,EASY,148.0,EASY_MID,137.0,EASY_MID,171.0,EASY_MID,7.0,HARD,204.0,EASY,105.0,MID,183.0,EASY,185.0,EASY,189.0,EASY,156.0,EASY_MID,87.0,HARD_MID,228,193.0,box
2029,68.66666666666667,33.666666666666664,14.0,11.666666666666666,3.0,17.666666666666668,4.0,116.33333333333333,102.33333333333333,82.66666666666667,47.666666666666664,14.666666666666666,3,2029,142.0,EASY_MID,126.0,MID,137.0,EASY_MID,207.0,EASY,80.0,HARD_MID,186.0,EASY,34.0,HARD,150.0,EASY_MID,148.0,EASY_MID,138.0,EASY_MID,144.0,EASY_MID,191.0,EASY,228,142.0,box
2032,61.5,37.25,11.25,8.75,1.75,20.0,4.25,110.0,98.75,72.75,48.5,10.5,4,2032,57.0,HARD_MID,181.0,EASY_MID,70.0,HARD_MID,134.0,MID,30.0,HARD,214.0,EASY,56.0,HARD_MID,95.0,MID,109.0,MID,51.0,HARD_MID,152.0,EASY_MID,79.0,HARD_MID,228,57.0,box
204,68.33333333333333,30.0,12.333333333333334,7.333333333333333,4.0,9.666666666666666,5.333333333333333,110.66666666666667,98.33333333333333,80.66666666666667,42.333333333333336,11.333333333333334,3,204,134.0,MID,67.0,HARD_MID,95.0,MID,86.0,HARD_MID,138.0,EASY_MID,19.0,HARD,94.0,MID,105.0,MID,105.0,MID,122.0,MID,61.0,HARD_MID,100.0,MID,228,134.0,box
2046,68.5,29.5,15.0,5.5,2.5,12.0,2.5,113.0,98.0,83.5,44.5,8.0,2,2046,136.0,MID,58.0,HARD_MID,160.0,EASY_MID,23.0,HARD,65.0,HARD_MID,54.0,HARD_MID,9.0,HARD,120.0,MID,100.0,MID,140.0,EASY_MID,100.0,MID,16.0,HARD,228,136.0,box
2050,66.0,34.5,10.5,10.5,3.5,12.5,4.5,111.0,100.5,76.5,45.0,14.0,2,2050,105.0,MID,142.0,EASY_MID,45.0,HARD,186.0,EASY,115.0,MID,76.0,HARD_MID,64.0,HARD_MID,107.0,MID,125.0,MID,87.0,HARD_MID,104.0,MID,175.0,EASY_MID,228,105.0,box
2057,76.0,35.0,12.0,7.0,1.0,12.0,8.0,123.0,111.0,88.0,47.0,8.0,1,2057,193.0,EASY,148.0,EASY_MID,82.0,HARD_MID,58.0,HARD_MID,7.0,HARD,54.0,HARD_MID,178.0,EASY_MID,177.0,EASY_MID,185.0,EASY,180.0,EASY_MID,131.0,MID,16.0,HARD,228,193.0,box
2065,58.5,31.5,12.5,14.0,8.0,16.0,2.0,102.5,90.0,71.0,44.0,22.0,2,2065,30.0,HARD,90.0,HARD_MID,96.0,MID,219.0,EASY,225.0,EASY,154.0,EASY_MID,3.0,HARD,40.0,HARD,38.0,HARD,40.0,HARD,84.0,HARD_MID,228.0,EASY,228,30.0,box
2066,63.333333333333336,25.666666666666668,13.333333333333334,9.333333333333334,2.0,10.666666666666666,5.333333333333333,102.33333333333333,89.0,76.66666666666667,39.0,11.333333333333334,3,2066,83.0,HARD_MID,15.0,HARD,123.0,MID,158.0,EASY_MID,32.0,HARD,34.0,HARD,94.0,MID,37.0,HARD,28.0,HARD,89.0,HARD_MID,26.0,HARD,100.0,MID,228,83.0,box
2097,55.0,26.0,8.0,8.0,3.0,14.0,7.0,89.0,81.0,63.0,34.0,11.0,1,2097,13.0,HARD,18.0,HARD,6.0,HARD,104.0,MID,80.0,HARD_MID,112.0,MID,154.0,EASY_MID,3.0,HARD,6.0,HARD,9.0,HARD,4.0,HARD,87.0,HARD_MID,228,13.0,box
21,60.333333333333336,27.666666666666668,8.333333333333334,8.0,1.0,11.333333333333334,4.333333333333333,96.33333333333333,88.0,68.66666666666667,36.0,9.0,3,21,46.0,HARD_MID,34.0,HARD,9.0,HARD,104.0,MID,7.0,HARD,43.0,HARD,59.0,HARD_MID,17.0,HARD,24.0,HARD,26.0,HARD,11.0,HARD,37.0,HARD,228,46.0,box
2117,89.0,25.0,20.0,8.0,3.0,14.0,13.0,134.0,114.0,109.0,45.0,11.0,1,2117,225.0,EASY,8.0,HARD,219.0,EASY,104.0,MID,80.0,HARD_MID,112.0,MID,227.0,EASY,209.0,EASY,203.0,EASY,225.0,EASY,104.0,MID,87.0,HARD_MID,228,225.0,box
2130,99.0,41.0,21.0,8.0,9.0,19.0,14.0,161.0,140.0,120.0,62.0,17.0,1,2130,227.0,EASY,204.0,EASY,223.0,EASY,104.0,MID,227.0,EASY,204.0,EASY,228.0,EASY,227.0,EASY,227.0,EASY,227.0,EASY,221.0,EASY,215.0,EASY,228,227.0,box
2142,72.0,41.0,20.0,10.0,2.0,12.0,6.0,133.0,113.0,92.0,61.0,12.0,1,2142,165.0,EASY_MID,204.0,EASY,219.0,EASY,171.0,EASY_MID,32.0,HARD,54.0,HARD_MID,105.0,MID,208.0,EASY,199.0,EASY,196.0,EASY,219.0,EASY,120.0,MID,228,165.0,box
2154,58.5,25.0,8.5,14.0,2.5,14.5,4.5,92.0,83.5,67.0,33.5,16.5,2,2154,30.0,HARD,8.0,HARD,10.0,HARD,219.0,EASY,65.0,HARD_MID,128.0,MID,64.0,HARD_MID,10.0,HARD,12.0,HARD,23.0,HARD,3.0,HARD,208.0,EASY,228,30.0,box
2169,55.0,28.0,8.0,15.0,3.0,24.0,1.0,91.0,83.0,63.0,36.0,18.0,1,2169,13.0,HARD,37.0,HARD,6.0,HARD,225.0,EASY,80.0,HARD_MID,226.0,EASY,1.0,HARD,6.0,HARD,10.0,HARD,9.0,HARD,11.0,HARD,219.0,EASY,228,13.0,box
218,68.0,34.0,10.0,8.0,2.5,21.5,3.0,112.0,102.0,78.0,44.0,10.5,2,218,126.0,MID,131.0,MID,32.0,HARD,104.0,MID,65.0,HARD_MID,221.0,EASY,14.0,HARD,115.0,MID,141.0,EASY_MID,100.0,MID,84.0,HARD_MID,79.0,HARD_MID,228,126.0,box
2181,62.0,29.0,11.0,6.5,4.0,13.0,5.0,102.0,91.0,73.0,40.0,10.5,2,2181,66.0,HARD_MID,51.0,HARD_MID,55.0,HARD_MID,46.0,HARD_MID,138.0,EASY_MID,85.0,HARD_MID,76.0,HARD_MID,35.0,HARD,43.0,HARD,52.0,HARD_MID,32.0,HARD,79.0,HARD_MID,228,66.0,box
2182,58.333333333333336,34.666666666666664,11.0,5.333333333333333,4.0,12.666666666666666,6.666666666666667,104.0,93.0,69.33333333333333,45.666666666666664,9.333333333333334,2,2182,29.0,HARD,146.0,EASY_MID,55.0,HARD_MID,22.0,HARD,138.0,EASY_MID,83.0,HARD_MID,149.0,EASY_MID,51.0,HARD_MID,61.0,HARD_MID,31.0,HARD,118.0,MID,52.0,HARD_MID,228,29.0,box
2198,60.5,41.5,15.0,6.0,6.0,16.0,6.5,117.0,102.0,75.5,56.5,12.0,2,2198,49.0,HARD_MID,208.0,EASY,160.0,EASY_MID,33.0,HARD,209.0,EASY,154.0,EASY_MID,136.0,MID,152.0,EASY_MID,141.0,EASY_MID,74.0,HARD_MID,206.0,EASY,120.0,MID,228,49.0,box
2210,65.0,22.5,13.0,13.0,1.5,9.5,6.5,100.5,87.5,78.0,35.5,14.5,2,2210,93.0,MID,3.0,HARD,105.0,MID,213.0,EASY,22.0,HARD,18.0,HARD,136.0,MID,29.0,HARD,20.0,HARD,100.0,MID,7.0,HARD,187.0,EASY,228,93.0,box
2217,61.5,34.5,9.5,9.5,3.5,15.5,5.0,105.5,96.0,71.0,44.0,13.0,2,2217,57.0,HARD_MID,142.0,EASY_MID,25.0,HARD,160.0,EASY_MID,115.0,MID,150.0,EASY_MID,76.0,HARD_MID,62.0,HARD_MID,85.0,HARD_MID,40.0,HARD,84.0,HARD_MID,149.0,EASY_MID,228,57.0,box
222,73.5,31.0,10.0,8.5,3.5,14.0,7.0,114.5,104.5,83.5,41.0,12.0,2,222,175.0,EASY_MID,84.0,HARD_MID,32.0,HARD,128.0,MID,115.0,MID,112.0,MID,154.0,EASY_MID,132.0,MID,159.0,EASY_MID,140.0,EASY_MID,42.0,HARD,120.0,MID,228,175.0,box
2226,75.0,37.5,11.0,8.5,4.0,12.0,9.0,123.5,112.5,86.0,48.5,12.5,2,2226,185.0,EASY,183.0,EASY,55.0,HARD_MID,128.0,MID,138.0,EASY_MID,54.0,HARD_MID,203.0,EASY,180.0,EASY_MID,197.0,EASY,161.0,EASY_MID,152.0,EASY_MID,138.0,EASY_MID,228,185.0,box
2229,72.5,29.5,13.5,8.75,1.5,19.5,7.5,115.5,102.0,86.0,43.0,10.25,4,2229,171.0,EASY_MID,58.0,HARD_MID,125.0,MID,134.0,MID,22.0,HARD,211.0,EASY,169.0,EASY_MID,140.0,EASY_MID,141.0,EASY_MID,161.0,EASY_MID,73.0,HARD_MID,76.0,HARD_MID,228,171.0,box
2239,68.5,35.0,15.0,9.0,7.5,22.0,6.0,118.5,103.5,83.5,50.0,16.5,2,2239,136.0,MID,148.0,EASY_MID,160.0,EASY_MID,137.0,EASY_MID,222.0,EASY,223.0,EASY,105.0,MID,159.0,EASY_MID,152.0,EASY_MID,140.0,EASY_MID,173.0,EASY_MID,208.0,EASY,228,136.0,box
2244,71.0,25.0,18.0,5.0,4.0,16.0,8.0,114.0,96.0,89.0,43.0,9.0,1,2244,158.0,EASY_MID,8.0,HARD,205.0,EASY,15.0,HARD,138.0,EASY_MID,154.0,EASY_MID,178.0,EASY_MID,127.0,MID,85.0,HARD_MID,183.0,EASY,73.0,HARD_MID,37.0,HARD,228,158.0,box
225,65.0,40.0,17.0,7.0,2.0,19.0,9.0,122.0,105.0,82.0,57.0,9.0,1,225,93.0,MID,200.0,EASY,191.0,EASY,58.0,HARD_MID,32.0,HARD,204.0,EASY,203.0,EASY,175.0,EASY_MID,162.0,EASY_MID,133.0,MID,207.0,EASY,37.0,HARD,228,93.0,box
2250,69.0,30.666666666666668,12.0,8.333333333333334,4.666666666666667,11.666666666666666,5.666666666666667,111.66666666666667,99.66666666666667,81.0,42.666666666666664,13.0,3,2250,143.0,EASY_MID,81.0,HARD_MID,82.0,HARD_MID,125.0,MID,182.0,EASY_MID,50.0,HARD_MID,101.0,MID,114.0,MID,118.0,MID,123.0,MID,70.0,HARD_MID,149.0,EASY_MID,228,143.0,box
2261,67.0,39.0,17.0,3.0,4.0,22.0,3.0,123.0,106.0,84.0,56.0,7.0,1,2261,117.0,MID,193.0,EASY,191.0,EASY,3.0,HARD,138.0,EASY_MID,223.0,EASY,14.0,HARD,177.0,EASY_MID,166.0,EASY_MID,144.0,EASY_MID,205.0,EASY,7.0,HARD,228,117.0,box
227,68.0,28.0,7.0,7.0,2.0,13.0,4.0,103.0,96.0,75.0,35.0,9.0,1,227,126.0,MID,37.0,HARD,2.0,HARD,58.0,HARD_MID,32.0,HARD,85.0,HARD_MID,34.0,HARD,43.0,HARD,85.0,HARD_MID,71.0,HARD_MID,5.0,HARD,37.0,HARD,228,126.0,box
2272,102.0,51.0,22.0,10.0,3.0,12.0,6.0,175.0,153.0,124.0,73.0,13.0,1,2272,228.0,EASY,228.0,EASY,225.0,EASY,171.0,EASY_MID,80.0,HARD_MID,54.0,HARD_MID,105.0,MID,228.0,EASY,228.0,EASY,228.0,EASY,228.0,EASY,149.0,EASY_MID,228,228.0,box
2275,59.5,34.25,13.0,5.25,3.25,11.5,6.0,106.75,93.75,72.5,47.25,8.5,4,2275,37.0,HARD,140.0,EASY_MID,105.0,MID,21.0,HARD,107.0,MID,47.0,HARD_MID,105.0,MID,74.0,HARD_MID,68.0,HARD_MID,48.0,HARD_MID,141.0,EASY_MID,30.0,HARD,228,37.0,box
228,71.0,31.0,13.0,10.0,4.0,18.0,8.0,115.0,102.0,84.0,44.0,14.0,1,228,158.0,EASY_MID,84.0,HARD_MID,105.0,MID,171.0,EASY_MID,138.0,EASY_MID,189.0,EASY,178.0,EASY_MID,135.0,MID,141.0,EASY_MID,144.0,EASY_MID,84.0,HARD_MID,175.0,EASY_MID,228,158.0,box
2287,60.42857142857143,29.0,11.0,7.142857142857143,4.428571428571429,12.142857142857142,6.0,100.42857142857143,89.42857142857143,71.42857142857143,40.0,11.571428571428571,6,2287,48.0,HARD_MID,51.0,HARD_MID,55.0,HARD_MID,79.0,HARD_MID,173.0,EASY_MID,73.0,HARD_MID,105.0,MID,28.0,HARD,33.0,HARD,43.0,HARD,32.0,HARD,113.0,MID,228,48.0,box
2294,65.5,33.0,12.5,8.0,3.0,15.0,9.5,111.0,98.5,78.0,45.5,11.0,2,2294,100.0,MID,112.0,MID,96.0,MID,104.0,MID,80.0,HARD_MID,136.0,MID,213.0,EASY,107.0,MID,106.0,MID,100.0,MID,116.0,MID,87.0,HARD_MID,228,100.0,box
2296,64.0,28.0,18.0,18.0,3.0,12.0,8.0,110.0,92.0,82.0,46.0,21.0,1,2296,87.0,HARD_MID,37.0,HARD,205.0,EASY,228.0,EASY,80.0,HARD_MID,54.0,HARD_MID,178.0,EASY_MID,95.0,MID,46.0,HARD_MID,133.0,MID,119.0,MID,227.0,EASY,228,87.0,box
2305,68.25,29.75,10.25,9.0,5.25,12.5,8.0,108.25,98.0,78.5,40.0,14.25,4,2305,133.0,MID,66.0,HARD_MID,44.0,HARD,137.0,EASY_MID,204.0,EASY,76.0,HARD_MID,178.0,EASY_MID,82.0,HARD_MID,100.0,MID,108.0,MID,32.0,HARD,185.0,EASY,228,133.0,box
2306,74.0,37.5,15.0,7.0,2.0,20.0,8.0,126.5,111.5,89.0,52.5,9.0,2,2306,179.0,EASY_MID,183.0,EASY,160.0,EASY_MID,58.0,HARD_MID,32.0,HARD,214.0,EASY,178.0,EASY_MID,195.0,EASY,195.0,EASY,183.0,EASY,185.0,EASY,37.0,HARD,228,179.0,box
2309,65.0,34.0,12.0,7.0,8.0,16.0,6.0,111.0,99.0,77.0,46.0,15.0,1,2309,93.0,MID,131.0,MID,82.0,HARD_MID,58.0,HARD_MID,225.0,EASY,154.0,EASY_MID,105.0,MID,107.0,MID,111.0,MID,91.0,HARD_MID,119.0,MID,194.0,EASY,228,93.0,box
232,60.25,33.5,16.0,4.0,4.5,16.5,6.25,109.75,93.75,76.25,49.5,8.5,4,232,44.0,HARD,122.0,MID,182.0,EASY_MID,8.0,HARD,174.0,EASY_MID,164.0,EASY_MID,133.0,MID,94.0,MID,68.0,HARD_MID,84.0,HARD_MID,168.0,EASY_MID,30.0,HARD,228,44.0,box
2320,71.0,28.0,13.0,11.5,5.0,16.0,6.0,112.0,99.0,84.0,41.0,16.5,2,2320,158.0,EASY_MID,37.0,HARD,105.0,MID,203.0,EASY,188.0,EASY,154.0,EASY_MID,105.0,MID,115.0,MID,111.0,MID,144.0,EASY_MID,42.0,HARD,208.0,EASY,228,158.0,box
2325,67.5,26.0,16.5,9.5,2.5,16.5,6.0,110.0,93.5,84.0,42.5,12.0,2,2325,125.0,MID,18.0,HARD,188.0,EASY,160.0,EASY_MID,65.0,HARD_MID,164.0,EASY_MID,105.0,MID,95.0,MID,65.0,HARD_MID,144.0,EASY_MID,66.0,HARD_MID,120.0,MID,228,125.0,box
2329,69.75,31.75,14.25,5.5,2.25,13.25,6.5,115.75,101.5,84.0,46.0,7.75,4,2329,150.0,EASY_MID,94.0,MID,150.0,EASY_MID,23.0,HARD,63.0,HARD_MID,101.0,MID,136.0,MID,144.0,EASY_MID,137.0,EASY_MID,144.0,EASY_MID,119.0,MID,15.0,HARD,228,150.0,box
233,60.0,27.75,12.5,6.5,4.75,11.75,6.5,100.25,87.75,72.5,40.25,11.25,4,233,40.0,HARD,36.0,HARD,96.0,MID,46.0,HARD_MID,185.0,EASY,53.0,HARD_MID,136.0,MID,27.0,HARD,23.0,HARD,48.0,HARD_MID,38.0,HARD,99.0,MID,228,40.0,box
2330,59.0,36.5,10.5,5.5,4.0,10.5,6.5,106.0,95.5,69.5,47.0,9.5,2,2330,33.0,HARD,173.0,EASY_MID,45.0,HARD,23.0,HARD,138.0,EASY_MID,32.0,HARD,136.0,MID,67.0,HARD_MID,80.0,HARD_MID,32.0,HARD,131.0,MID,54.0,HARD_MID,228,33.0,box
2335,59.0,23.0,10.0,6.0,1.0,11.5,4.0,92.0,82.0,69.0,33.0,7.0,2,2335,33.0,HARD,4.0,HARD,32.0,HARD,33.0,HARD,7.0,HARD,47.0,HARD_MID,34.0,HARD,10.0,HARD,8.0,HARD,28.0,HARD,1.0,HARD,7.0,HARD,228,33.0,box
2348,50.0,31.0,11.25,7.25,4.75,13.75,4.25,92.25,81.0,61.25,42.25,12.0,4,2348,2.0,HARD,84.0,HARD_MID,70.0,HARD_MID,82.0,HARD_MID,185.0,EASY,109.0,MID,56.0,HARD_MID,12.0,HARD,6.0,HARD,6.0,HARD,59.0,HARD_MID,120.0,MID,228,2.0,box
2350,60.333333333333336,32.333333333333336,13.666666666666666,9.0,4.666666666666667,16.333333333333332,5.666666666666667,106.33333333333333,92.66666666666667,74.0,46.0,13.666666666666666,3,2350,46.0,HARD_MID,103.0,MID,132.0,MID,137.0,EASY_MID,182.0,EASY_MID,163.0,EASY_MID,101.0,MID,72.0,HARD_MID,59.0,HARD_MID,62.0,HARD_MID,119.0,MID,170.0,EASY_MID,228,46.0,box
2351,76.5,36.5,12.5,5.0,4.5,17.0,5.5,125.5,113.0,89.0,49.0,9.5,2,2351,200.0,EASY,173.0,EASY_MID,96.0,MID,15.0,HARD,174.0,EASY_MID,172.0,EASY_MID,97.0,MID,188.0,EASY,199.0,EASY,183.0,EASY,156.0,EASY_MID,54.0,HARD_MID,228,200.0,box
2352,68.0,22.0,17.0,7.0,0.0,8.0,8.0,107.0,90.0,85.0,39.0,7.0,1,2352,126.0,MID,1.0,HARD,191.0,EASY,58.0,HARD_MID,1.0,HARD,4.0,HARD,178.0,EASY_MID,75.0,HARD_MID,38.0,HARD,152.0,EASY_MID,26.0,HARD,7.0,HARD,228,126.0,box
236,75.0,33.0,12.0,6.0,2.0,10.0,3.0,120.0,108.0,87.0,45.0,8.0,1,236,185.0,EASY,112.0,MID,82.0,HARD_MID,33.0,HARD,32.0,HARD,20.0,HARD,14.0,HARD,165.0,EASY_MID,175.0,EASY_MID,170.0,EASY_MID,104.0,MID,16.0,HARD,228,185.0,box
2377,56.75,35.75,13.75,5.0,3.75,18.75,6.0,106.25,92.5,70.5,49.5,8.75,4,2377,23.0,HARD,169.0,EASY_MID,134.0,MID,15.0,HARD,134.0,MID,203.0,EASY,105.0,MID,71.0,HARD_MID,57.0,HARD_MID,39.0,HARD,168.0,EASY_MID,34.0,HARD,228,23.0,box
2378,64.0,32.0,9.666666666666666,10.333333333333334,6.333333333333333,18.333333333333332,6.0,105.66666666666667,96.0,73.66666666666667,41.666666666666664,16.666666666666668,3,2378,87.0,HARD_MID,95.0,MID,29.0,HARD,184.0,EASY,216.0,EASY,199.0,EASY,105.0,MID,66.0,HARD_MID,85.0,HARD_MID,60.0,HARD_MID,52.0,HARD_MID,213.0,EASY,228,87.0,box
2379,54.25,30.5,11.75,7.75,6.0,21.5,5.75,96.5,84.75,66.0,42.25,13.75,4,2379,12.0,HARD,78.0,HARD_MID,80.0,HARD_MID,101.0,MID,209.0,EASY,221.0,EASY,104.0,MID,18.0,HARD,17.0,HARD,17.0,HARD,59.0,HARD_MID,174.0,EASY_MID,228,12.0,box
238,61.666666666666664,30.666666666666668,11.0,10.666666666666666,3.0,14.0,4.0,103.33333333333333,92.33333333333333,72.66666666666667,41.666666666666664,13.666666666666666,3,238,63.0,HARD_MID,81.0,HARD_MID,55.0,HARD_MID,190.0,EASY,80.0,HARD_MID,112.0,MID,34.0,HARD,49.0,HARD_MID,55.0,HARD_MID,50.0,HARD_MID,52.0,HARD_MID,170.0,EASY_MID,228,63.0,box
2385,75.66666666666667,32.666666666666664,17.0,7.666666666666667,5.0,15.333333333333334,5.0,125.33333333333333,108.33333333333333,92.66666666666667,49.666666666666664,12.666666666666666,3,2385,192.0,EASY,110.0,MID,191.0,EASY,98.0,MID,188.0,EASY,149.0,EASY_MID,76.0,HARD_MID,186.0,EASY,178.0,EASY_MID,202.0,EASY,171.0,EASY_MID,143.0,EASY_MID,228,192.0,box
239,65.5,35.0,14.0,9.5,7.0,14.5,6.5,114.5,100.5,79.5,49.0,16.5,2,239,100.0,MID,148.0,EASY_MID,137.0,EASY_MID,160.0,EASY_MID,219.0,EASY,128.0,MID,136.0,MID,132.0,MID,125.0,MID,114.0,MID,156.0,EASY_MID,208.0,EASY,228,100.0,box
2390,64.0,30.0,15.0,7.0,0.5,20.5,9.5,109.0,94.0,79.0,45.0,7.5,2,2390,87.0,HARD_MID,67.0,HARD_MID,160.0,EASY_MID,58.0,HARD_MID,6.0,HARD,218.0,EASY,213.0,EASY,88.0,HARD_MID,70.0,HARD_MID,111.0,MID,104.0,MID,13.0,HARD,228,87.0,box
2393,61.666666666666664,34.0,13.0,10.0,3.6666666666666665,17.0,5.0,108.66666666666667,95.66666666666667,74.66666666666667,47.0,13.666666666666666,3,2393,63.0,HARD_MID,131.0,MID,105.0,MID,171.0,EASY_MID,130.0,MID,172.0,EASY_MID,76.0,HARD_MID,87.0,HARD_MID,82.0,HARD_MID,69.0,HARD_MID,131.0,MID,170.0,EASY_MID,228,63.0,box
24,73.66666666666667,33.0,11.0,4.666666666666667,3.6666666666666665,13.333333333333334,8.333333333333334,117.66666666666667,106.66666666666667,84.66666666666667,44.0,8.333333333333334,3,24,176.0,EASY_MID,112.0,MID,55.0,HARD_MID,13.0,HARD,130.0,MID,102.0,MID,194.0,EASY,156.0,EASY_MID,169.0,EASY_MID,151.0,EASY_MID,84.0,HARD_MID,27.0,HARD,228,176.0,box
2400,65.0,35.5,9.5,10.5,7.5,16.5,4.5,110.0,100.5,74.5,45.0,18.0,2,2400,93.0,MID,161.0,EASY_MID,25.0,HARD,186.0,EASY,222.0,EASY,164.0,EASY_MID,64.0,HARD_MID,95.0,MID,125.0,MID,66.0,HARD_MID,104.0,MID,219.0,EASY,228,93.0,box
2405,62.0,27.5,13.5,8.75,2.75,14.0,5.25,103.0,89.5,75.5,41.0,11.5,4,2405,66.0,HARD_MID,30.0,HARD,125.0,MID,134.0,MID,77.0,HARD_MID,112.0,MID,93.0,MID,43.0,HARD,34.0,HARD,74.0,HARD_MID,42.0,HARD,107.0,MID,228,66.0,box
2413,77.0,41.0,17.0,14.0,1.0,15.0,9.0,135.0,118.0,94.0,58.0,15.0,1,2413,205.0,EASY,204.0,EASY,191.0,EASY,219.0,EASY,7.0,HARD,136.0,MID,203.0,EASY,211.0,EASY,211.0,EASY,209.0,EASY,212.0,EASY,194.0,EASY,228,205.0,box
2415,69.0,46.0,17.0,12.0,7.0,19.0,4.0,132.0,115.0,86.0,63.0,19.0,1,2415,143.0,EASY_MID,222.0,EASY,191.0,EASY,208.0,EASY,219.0,EASY,204.0,EASY,34.0,HARD,206.0,EASY,206.0,EASY,161.0,EASY_MID,223.0,EASY,224.0,EASY,228,143.0,box
242,61.0,33.5,11.0,6.0,2.75,13.75,4.75,105.5,94.5,72.0,44.5,8.75,4,242,51.0,HARD_MID,122.0,MID,55.0,HARD_MID,33.0,HARD,77.0,HARD_MID,109.0,MID,75.0,HARD_MID,62.0,HARD_MID,74.0,HARD_MID,45.0,HARD,100.0,MID,34.0,HARD,228,51.0,box
2426,73.33333333333333,35.0,17.0,7.333333333333333,4.0,15.0,8.666666666666666,125.33333333333333,108.33333333333333,90.33333333333333,52.0,11.333333333333334,3,2426,173.0,EASY_MID,148.0,EASY_MID,191.0,EASY,86.0,HARD_MID,138.0,EASY_MID,136.0,MID,201.0,EASY,186.0,EASY,178.0,EASY_MID,193.0,EASY,180.0,EASY_MID,100.0,MID,228,173.0,box
2428,70.0,43.0,11.0,9.0,4.0,26.0,2.0,124.0,113.0,81.0,54.0,13.0,1,2428,151.0,EASY_MID,215.0,EASY,55.0,HARD_MID,137.0,EASY_MID,138.0,EASY_MID,228.0,EASY,3.0,HARD,181.0,EASY_MID,199.0,EASY,123.0,MID,192.0,EASY,149.0,EASY_MID,228,151.0,box
2429,74.0,39.0,15.0,7.0,6.0,19.0,6.0,128.0,113.0,89.0,54.0,13.0,1,2429,179.0,EASY_MID,193.0,EASY,160.0,EASY_MID,58.0,HARD_MID,209.0,EASY,204.0,EASY,105.0,MID,197.0,EASY,199.0,EASY,183.0,EASY,192.0,EASY,149.0,EASY_MID,228,179.0,box
2439,66.0,34.0,15.0,6.0,3.0,9.0,8.0,115.0,100.0,81.0,49.0,9.0,1,2439,105.0,MID,131.0,MID,160.0,EASY_MID,33.0,HARD,80.0,HARD_MID,15.0,HARD,178.0,EASY_MID,135.0,MID,120.0,MID,123.0,MID,156.0,EASY_MID,37.0,HARD,228,105.0,box
2447,59.0,34.5,10.5,7.0,5.0,17.5,4.0,104.0,93.5,69.5,45.0,12.0,2,2447,33.0,HARD,142.0,EASY_MID,45.0,HARD,58.0,HARD_MID,188.0,EASY,183.0,EASY,34.0,HARD,51.0,HARD_MID,65.0,HARD_MID,32.0,HARD,104.0,MID,120.0,MID,228,33.0,box
2448,61.0,23.0,16.0,12.0,2.0,10.0,3.0,100.0,84.0,77.0,39.0,14.0,1,2448,51.0,HARD_MID,4.0,HARD,182.0,EASY_MID,208.0,EASY,32.0,HARD,20.0,HARD,14.0,HARD,25.0,HARD,13.0,HARD,91.0,HARD_MID,26.0,HARD,175.0,EASY_MID,228,51.0,box
2449,74.0,29.0,10.5,9.5,4.0,14.0,6.0,113.5,103.0,84.5,39.5,13.5,2,2449,179.0,EASY_MID,51.0,HARD_MID,45.0,HARD,160.0,EASY_MID,138.0,EASY_MID,112.0,MID,105.0,MID,126.0,MID,149.0,EASY_MID,149.0,EASY_MID,30.0,HARD,168.0,EASY_MID,228,179.0,box
245,68.0,32.0,19.0,11.0,1.0,8.0,6.0,119.0,100.0,87.0,51.0,12.0,1,245,126.0,MID,95.0,MID,212.0,EASY,193.0,EASY,7.0,HARD,4.0,HARD,105.0,MID,161.0,EASY_MID,120.0,MID,170.0,EASY_MID,179.0,EASY_MID,120.0,MID,228,126.0,box
2450,51.25,33.25,9.25,9.75,3.5,17.75,2.75,93.75,84.5,60.5,42.5,13.25,4,2450,5.0,HARD,119.0,MID,23.0,HARD,170.0,EASY_MID,115.0,MID,188.0,EASY,12.0,HARD,13.0,HARD,15.0,HARD,4.0,HARD,66.0,HARD_MID,166.0,EASY_MID,228,5.0,box
2458,69.0,26.666666666666668,14.666666666666666,5.666666666666667,2.6666666666666665,10.666666666666666,7.0,110.33333333333333,95.66666666666667,83.66666666666667,41.333333333333336,8.333333333333334,3,2458,143.0,EASY_MID,26.0,HARD,156.0,EASY_MID,29.0,HARD,72.0,HARD_MID,34.0,HARD,154.0,EASY_MID,103.0,MID,82.0,HARD_MID,143.0,EASY_MID,49.0,HARD_MID,27.0,HARD,228,143.0,box
2460,72.5,31.5,14.5,6.5,4.0,8.5,10.5,118.5,104.0,87.0,46.0,10.5,2,2460,171.0,EASY_MID,90.0,HARD_MID,153.0,EASY_MID,46.0,HARD_MID,138.0,EASY_MID,12.0,HARD,221.0,EASY,159.0,EASY_MID,157.0,EASY_MID,170.0,EASY_MID,119.0,MID,79.0,HARD_MID,228,171.0,box
2463,80.0,47.0,13.0,15.0,4.0,21.0,3.0,140.0,127.0,93.0,60.0,19.0,1,2463,210.0,EASY,225.0,EASY,105.0,MID,225.0,EASY,138.0,EASY_MID,219.0,EASY,14.0,HARD,219.0,EASY,224.0,EASY,203.0,EASY,218.0,EASY,224.0,EASY,228,210.0,box
2466,66.0,26.0,12.5,7.5,3.5,11.0,7.5,104.5,92.0,78.5,38.5,11.0,2,2466,105.0,MID,18.0,HARD,96.0,MID,92.0,MID,115.0,MID,36.0,HARD,169.0,EASY_MID,56.0,HARD_MID,46.0,HARD_MID,108.0,MID,21.0,HARD,87.0,HARD_MID,228,105.0,box
2483,80.0,31.5,18.0,9.0,2.0,8.0,8.5,129.5,111.5,98.0,49.5,11.0,2,2483,210.0,EASY,90.0,HARD_MID,205.0,EASY,137.0,EASY_MID,32.0,HARD,4.0,HARD,196.0,EASY,201.0,EASY,195.0,EASY,216.0,EASY,168.0,EASY_MID,87.0,HARD_MID,228,210.0,box
249,67.0,32.666666666666664,11.333333333333334,7.666666666666667,3.3333333333333335,15.0,6.333333333333333,111.0,99.66666666666667,78.33333333333333,44.0,11.0,3,249,117.0,MID,110.0,MID,72.0,HARD_MID,98.0,MID,109.0,MID,136.0,MID,134.0,MID,107.0,MID,118.0,MID,107.0,MID,84.0,HARD_MID,87.0,HARD_MID,228,117.0,box
2492,73.66666666666667,29.666666666666668,17.333333333333332,8.666666666666666,4.333333333333333,10.333333333333334,9.0,120.66666666666667,103.33333333333333,91.0,47.0,13.0,3,2492,176.0,EASY_MID,63.0,HARD_MID,203.0,EASY,132.0,MID,170.0,EASY_MID,31.0,HARD,203.0,EASY,169.0,EASY_MID,151.0,EASY_MID,194.0,EASY,131.0,MID,149.0,EASY_MID,228,176.0,box
25,72.33333333333333,28.666666666666668,14.666666666666666,8.333333333333334,4.666666666666667,12.333333333333334,5.0,115.66666666666667,101.0,87.0,43.333333333333336,13.0,3,25,170.0,EASY_MID,47.0,HARD_MID,156.0,EASY_MID,125.0,MID,182.0,EASY_MID,75.0,HARD_MID,76.0,HARD_MID,142.0,EASY_MID,131.0,MID,170.0,EASY_MID,79.0,HARD_MID,149.0,EASY_MID,228,170.0,box
250,69.33333333333333,29.666666666666668,13.0,7.0,2.6666666666666665,14.666666666666666,8.333333333333334,112.0,99.0,82.33333333333333,42.666666666666664,9.666666666666666,3,250,148.0,EASY_MID,63.0,HARD_MID,105.0,MID,58.0,HARD_MID,72.0,HARD_MID,134.0,MID,194.0,EASY,115.0,MID,111.0,MID,137.0,EASY_MID,70.0,HARD_MID,60.0,HARD_MID,228,148.0,box
2501,66.33333333333333,35.333333333333336,14.666666666666666,13.0,2.6666666666666665,18.0,4.333333333333333,116.33333333333333,101.66666666666667,81.0,50.0,15.666666666666666,3,2501,115.0,MID,160.0,EASY_MID,156.0,EASY_MID,213.0,EASY,72.0,HARD_MID,189.0,EASY,59.0,HARD_MID,150.0,EASY_MID,139.0,EASY_MID,123.0,MID,173.0,EASY_MID,206.0,EASY,228,115.0,box
2504,63.0,48.0,10.0,9.0,4.0,17.0,6.0,121.0,111.0,73.0,58.0,13.0,1,2504,80.0,HARD_MID,226.0,EASY,32.0,HARD,137.0,EASY_MID,138.0,EASY_MID,172.0,EASY_MID,105.0,MID,170.0,EASY_MID,185.0,EASY,52.0,HARD_MID,212.0,EASY,149.0,EASY_MID,228,80.0,box
251,49.8,28.2,9.2,6.6,2.6,18.2,4.0,87.2,78.0,59.0,37.4,9.2,5,251,1.0,HARD,42.0,HARD,22.0,HARD,53.0,HARD_MID,71.0,HARD_MID,198.0,EASY,34.0,HARD,1.0,HARD,2.0,HARD,1.0,HARD,17.0,HARD,51.0,HARD_MID,228,1.0,box
2514,65.33333333333333,29.666666666666668,9.0,10.0,3.6666666666666665,11.333333333333334,4.0,104.0,95.0,74.33333333333333,38.666666666666664,13.666666666666666,3,2514,99.0,MID,63.0,HARD_MID,14.0,HARD,171.0,EASY_MID,130.0,MID,43.0,HARD,34.0,HARD,51.0,HARD_MID,77.0,HARD_MID,65.0,HARD_MID,24.0,HARD,170.0,EASY_MID,228,99.0,box
2515,70.5,37.0,15.0,10.0,2.0,16.5,8.5,122.5,107.5,85.5,52.0,12.0,2,2515,155.0,EASY_MID,178.0,EASY_MID,160.0,EASY_MID,171.0,EASY_MID,32.0,HARD,164.0,EASY_MID,196.0,EASY,176.0,EASY_MID,174.0,EASY_MID,158.0,EASY_MID,180.0,EASY_MID,120.0,MID,228,155.0,box
252,66.2,33.2,10.8,8.0,3.6,12.0,6.2,110.2,99.4,77.0,44.0,11.6,5,252,113.0,MID,118.0,MID,54.0,HARD_MID,104.0,MID,129.0,MID,54.0,HARD_MID,131.0,MID,102.0,MID,117.0,MID,91.0,HARD_MID,84.0,HARD_MID,114.0,MID,228,113.0,box
253,77.5,32.5,9.0,6.5,3.0,13.5,3.5,119.0,110.0,86.5,41.5,9.5,2,253,207.0,EASY,105.0,MID,14.0,HARD,46.0,HARD_MID,80.0,HARD_MID,106.0,MID,30.0,HARD,161.0,EASY_MID,183.0,EASY,168.0,EASY_MID,50.0,HARD_MID,54.0,HARD_MID,228,207.0,box
2534,75.5,33.5,16.5,11.5,6.5,18.0,8.5,125.5,109.0,92.0,50.0,18.0,2,2534,191.0,EASY,122.0,MID,188.0,EASY,203.0,EASY,217.0,EASY,189.0,EASY,196.0,EASY,188.0,EASY,181.0,EASY_MID,196.0,EASY,173.0,EASY_MID,219.0,EASY,228,191.0,box
2535,65.0,35.0,13.0,13.0,5.0,10.0,5.0,113.0,100.0,78.0,48.0,18.0,1,2535,93.0,MID,148.0,EASY_MID,105.0,MID,213.0,EASY,188.0,EASY,20.0,HARD,76.0,HARD_MID,120.0,MID,120.0,MID,100.0,MID,145.0,EASY_MID,219.0,EASY,228,93.0,box
2539,59.5,29.5,10.5,14.5,3.5,18.0,5.0,99.5,89.0,70.0,40.0,18.0,2,2539,37.0,HARD,58.0,HARD_MID,45.0,HARD,223.0,EASY,115.0,MID,189.0,EASY,76.0,HARD_MID,23.0,HARD,28.0,HARD,35.0,HARD,32.0,HARD,219.0,EASY,228,37.0,box
254,72.0,30.0,14.0,9.0,5.0,5.0,10.0,116.0,102.0,86.0,44.0,14.0,1,254,165.0,EASY_MID,67.0,HARD_MID,137.0,EASY_MID,137.0,EASY_MID,188.0,EASY,1.0,HARD,215.0,EASY,145.0,EASY_MID,141.0,EASY_MID,161.0,EASY_MID,84.0,HARD_MID,175.0,EASY_MID,228,165.0,box
2540,58.0,28.0,10.0,13.0,0.0,12.0,5.0,96.0,86.0,68.0,38.0,13.0,1,2540,26.0,HARD,37.0,HARD,32.0,HARD,213.0,EASY,1.0,HARD,54.0,HARD_MID,76.0,HARD_MID,16.0,HARD,18.0,HARD,24.0,HARD,20.0,HARD,149.0,EASY_MID,228,26.0,box
2541,80.0,45.0,19.0,7.0,4.0,14.0,7.0,144.0,125.0,99.0,64.0,11.0,2,2541,210.0,EASY,218.0,EASY,212.0,EASY,58.0,HARD_MID,138.0,EASY_MID,112.0,MID,154.0,EASY_MID,224.0,EASY,222.0,EASY,217.0,EASY,224.0,EASY,87.0,HARD_MID,228,210.0,box
2550,67.0,39.0,20.0,9.0,3.0,23.0,6.0,126.0,106.0,87.0,59.0,12.0,1,2550,117.0,MID,193.0,EASY,219.0,EASY,137.0,EASY_MID,80.0,HARD_MID,225.0,EASY,105.0,MID,190.0,EASY,166.0,EASY_MID,170.0,EASY_MID,215.0,EASY,120.0,MID,228,117.0,box
256,61.5,39.5,14.5,6.5,6.5,15.5,4.5,115.5,101.0,76.0,54.0,13.0,2,256,57.0,HARD_MID,198.0,EASY,153.0,EASY_MID,46.0,HARD_MID,217.0,EASY,150.0,EASY_MID,64.0,HARD_MID,140.0,EASY_MID,131.0,MID,80.0,HARD_MID,192.0,EASY,149.0,EASY_MID,228,57.0,box
2569,75.0,49.0,17.0,10.0,5.0,13.0,3.0,141.0,124.0,92.0,66.0,15.0,1,2569,185.0,EASY,227.0,EASY,191.0,EASY,171.0,EASY_MID,188.0,EASY,85.0,HARD_MID,14.0,HARD,222.0,EASY,218.0,EASY,196.0,EASY,227.0,EASY,194.0,EASY,228,185.0,box
257,75.0,25.0,19.0,8.0,3.0,13.0,11.0,119.0,100.0,94.0,44.0,11.0,1,257,185.0,EASY,8.0,HARD,212.0,EASY,104.0,MID,80.0,HARD_MID,85.0,HARD_MID,222.0,EASY,161.0,EASY_MID,120.0,MID,209.0,EASY,84.0,HARD_MID,87.0,HARD_MID,228,185.0,box
2571,72.0,37.0,21.0,12.0,2.0,9.0,9.0,130.0,109.0,93.0,58.0,14.0,1,2571,165.0,EASY_MID,178.0,EASY_MID,223.0,EASY,208.0,EASY,32.0,HARD,15.0,HARD,203.0,EASY,203.0,EASY,181.0,EASY_MID,203.0,EASY,212.0,EASY,175.0,EASY_MID,228,165.0,box
2579,52.6,25.4,10.2,7.4,4.4,15.8,7.0,88.2,78.0,62.8,35.6,11.8,5,2579,6.0,HARD,14.0,HARD,43.0,HARD,91.0,HARD_MID,172.0,EASY_MID,152.0,EASY_MID,154.0,EASY_MID,2.0,HARD,2.0,HARD,8.0,HARD,9.0,HARD,119.0,MID,228,6.0,box
258,70.5,34.0,16.5,6.75,3.0,14.0,6.5,121.0,104.5,87.0,50.5,9.75,4,258,155.0,EASY_MID,131.0,MID,188.0,EASY,57.0,HARD_MID,80.0,HARD_MID,112.0,MID,136.0,MID,170.0,EASY_MID,159.0,EASY_MID,170.0,EASY_MID,177.0,EASY_MID,62.0,HARD_MID,228,155.0,box
2582,62.4,34.0,14.4,7.6,3.8,17.6,5.0,110.8,96.4,76.8,48.4,11.4,5,2582,77.0,HARD_MID,131.0,MID,152.0,EASY_MID,95.0,MID,137.0,EASY_MID,185.0,EASY,76.0,HARD_MID,106.0,MID,95.0,MID,90.0,HARD_MID,151.0,EASY_MID,104.0,MID,228,77.0,box
259,70.0,35.0,11.0,2.0,5.0,13.0,5.0,116.0,105.0,81.0,46.0,7.0,1,259,151.0,EASY_MID,148.0,EASY_MID,55.0,HARD_MID,1.0,HARD,188.0,EASY,85.0,HARD_MID,76.0,HARD_MID,145.0,EASY_MID,162.0,EASY_MID,123.0,MID,119.0,MID,7.0,HARD,228,151.0,box
2598,81.0,43.0,12.0,4.0,6.0,10.0,9.0,136.0,124.0,93.0,55.0,10.0,1,2598,214.0,EASY,215.0,EASY,82.0,HARD_MID,8.0,HARD,209.0,EASY,20.0,HARD,203.0,EASY,212.0,EASY,218.0,EASY,203.0,EASY,200.0,EASY,66.0,HARD_MID,228,214.0,box
2599,74.0,37.0,18.0,17.0,2.0,11.0,7.0,129.0,111.0,92.0,55.0,19.0,1,2599,179.0,EASY_MID,178.0,EASY_MID,205.0,EASY,227.0,EASY,32.0,HARD,36.0,HARD,154.0,EASY_MID,199.0,EASY,185.0,EASY,196.0,EASY,200.0,EASY,224.0,EASY,228,179.0,box
261,60.0,33.666666666666664,8.666666666666666,8.666666666666666,3.0,10.0,4.666666666666667,102.33333333333333,93.66666666666667,68.66666666666667,42.333333333333336,11.666666666666666,3,261,40.0,HARD,126.0,MID,11.0,HARD,132.0,MID,80.0,HARD_MID,20.0,HARD,73.0,HARD_MID,37.0,HARD,67.0,HARD_MID,26.0,HARD,61.0,HARD_MID,115.0,MID,228,40.0,box
2617,65.75,35.0,14.0,9.25,2.75,13.75,4.5,114.75,100.75,79.75,49.0,12.0,4,2617,104.0,MID,148.0,EASY_MID,137.0,EASY_MID,156.0,EASY_MID,77.0,HARD_MID,109.0,MID,64.0,HARD_MID,134.0,MID,130.0,MID,117.0,MID,156.0,EASY_MID,120.0,MID,228,104.0,box
2619,62.0,27.5,15.5,10.0,4.5,11.5,6.5,105.0,89.5,77.5,43.0,14.5,2,2619,66.0,HARD_MID,30.0,HARD,178.0,EASY_MID,171.0,EASY_MID,174.0,EASY_MID,47.0,HARD_MID,136.0,MID,57.0,HARD_MID,34.0,HARD,98.0,MID,73.0,HARD_MID,187.0,EASY,228,66.0,box
2623,67.0,32.2,9.4,10.6,4.2,12.0,4.2,108.6,99.2,76.4,41.6,14.8,4,2623,117.0,MID,101.0,MID,24.0,HARD,189.0,EASY,167.0,EASY_MID,54.0,HARD_MID,55.0,HARD_MID,86.0,HARD_MID,116.0,MID,86.0,HARD_MID,51.0,HARD_MID,193.0,EASY,228,117.0,box
2627,67.0,33.5,13.5,9.5,5.0,12.0,7.5,114.0,100.5,80.5,47.0,14.5,2,2627,117.0,MID,122.0,MID,125.0,MID,160.0,EASY_MID,188.0,EASY,54.0,HARD_MID,169.0,EASY_MID,127.0,MID,125.0,MID,121.0,MID,131.0,MID,187.0,EASY,228,117.0,box
2628,61.5,28.75,14.75,7.25,4.25,10.0,6.5,105.0,90.25,76.25,43.5,11.5,4,2628,57.0,HARD_MID,49.0,HARD_MID,159.0,EASY_MID,82.0,HARD_MID,169.0,EASY_MID,20.0,HARD,136.0,MID,57.0,HARD_MID,40.0,HARD,84.0,HARD_MID,81.0,HARD_MID,107.0,MID,228,57.0,box
2633,76.0,30.0,10.0,11.0,2.0,16.0,3.0,116.0,106.0,86.0,40.0,13.0,1,2633,193.0,EASY,67.0,HARD_MID,32.0,HARD,193.0,EASY,32.0,HARD,154.0,EASY_MID,14.0,HARD,145.0,EASY_MID,166.0,EASY_MID,161.0,EASY_MID,32.0,HARD,149.0,EASY_MID,228,193.0,box
2636,55.2,27.6,11.2,11.0,3.4,9.2,5.2,94.0,82.8,66.4,38.8,14.4,5,2636,15.0,HARD,33.0,HARD,69.0,HARD_MID,193.0,EASY,113.0,MID,17.0,HARD,92.0,MID,14.0,HARD,9.0,HARD,20.0,HARD,25.0,HARD,186.0,EASY,228,15.0,box
2638,82.0,38.0,11.0,6.0,2.0,19.0,4.0,131.0,120.0,93.0,49.0,8.0,1,2638,218.0,EASY,188.0,EASY,55.0,HARD_MID,33.0,HARD,32.0,HARD,204.0,EASY,34.0,HARD,204.0,EASY,216.0,EASY,203.0,EASY,156.0,EASY_MID,16.0,HARD,228,218.0,box
264,58.0,29.0,15.0,5.0,3.0,14.5,4.5,102.0,87.0,73.0,44.0,8.0,2,264,26.0,HARD,51.0,HARD_MID,160.0,EASY_MID,15.0,HARD,80.0,HARD_MID,128.0,MID,64.0,HARD_MID,35.0,HARD,19.0,HARD,52.0,HARD_MID,84.0,HARD_MID,16.0,HARD,228,26.0,box
2640,66.0,36.0,12.0,11.0,4.0,18.0,1.0,114.0,102.0,78.0,48.0,15.0,1,2640,105.0,MID,170.0,EASY_MID,82.0,HARD_MID,193.0,EASY,138.0,EASY_MID,189.0,EASY,1.0,HARD,127.0,MID,141.0,EASY_MID,100.0,MID,145.0,EASY_MID,194.0,EASY,228,105.0,box
2641,76.5,31.5,13.5,9.5,4.5,14.0,6.5,121.5,108.0,90.0,45.0,14.0,2,2641,200.0,EASY,90.0,HARD_MID,125.0,MID,160.0,EASY_MID,174.0,EASY_MID,112.0,MID,136.0,MID,174.0,EASY_MID,175.0,EASY_MID,189.0,EASY,104.0,MID,175.0,EASY_MID,228,200.0,box
2649,63.0,30.333333333333332,10.0,9.666666666666666,3.0,13.0,4.333333333333333,103.33333333333333,93.33333333333333,73.0,40.333333333333336,12.666666666666666,3,2649,80.0,HARD_MID,76.0,HARD_MID,32.0,HARD,167.0,EASY_MID,80.0,HARD_MID,85.0,HARD_MID,59.0,HARD_MID,49.0,HARD_MID,63.0,HARD_MID,52.0,HARD_MID,39.0,HARD,143.0,EASY_MID,228,80.0,box
2653,74.0,38.5,17.0,9.0,1.5,13.0,6.5,129.5,112.5,91.0,55.5,10.5,2,2653,179.0,EASY_MID,192.0,EASY,191.0,EASY,137.0,EASY_MID,22.0,HARD,85.0,HARD_MID,136.0,MID,201.0,EASY,197.0,EASY,194.0,EASY,204.0,EASY,79.0,HARD_MID,228,179.0,box
2655,86.0,38.0,15.0,11.0,0.0,17.0,12.0,139.0,124.0,101.0,53.0,11.0,1,2655,223.0,EASY,188.0,EASY,160.0,EASY_MID,193.0,EASY,1.0,HARD,172.0,EASY_MID,226.0,EASY,218.0,EASY,218.0,EASY,220.0,EASY,186.0,EASY,87.0,HARD_MID,228,223.0,box
2674,81.0,46.0,19.0,10.0,0.0,13.0,8.0,146.0,127.0,100.0,65.0,10.0,1,2674,214.0,EASY,222.0,EASY,212.0,EASY,171.0,EASY_MID,1.0,HARD,85.0,HARD_MID,178.0,EASY_MID,225.0,EASY,224.0,EASY,219.0,EASY,225.0,EASY,66.0,HARD_MID,228,214.0,box
2681,54.0,42.0,7.0,8.0,2.0,15.0,5.0,103.0,96.0,61.0,49.0,10.0,1,2681,10.0,HARD,210.0,EASY,2.0,HARD,104.0,MID,32.0,HARD,136.0,MID,76.0,HARD_MID,43.0,HARD,85.0,HARD_MID,5.0,HARD,156.0,EASY_MID,66.0,HARD_MID,228,10.0,box
27,61.5,31.0,13.0,5.5,4.0,18.0,4.0,105.5,92.5,74.5,44.0,9.5,2,27,57.0,HARD_MID,84.0,HARD_MID,105.0,MID,23.0,HARD,138.0,EASY_MID,189.0,EASY,34.0,HARD,62.0,HARD_MID,57.0,HARD_MID,66.0,HARD_MID,84.0,HARD_MID,54.0,HARD_MID,228,57.0,box
2710,82.0,42.0,12.0,10.0,4.0,13.0,10.0,136.0,124.0,94.0,54.0,14.0,1,2710,218.0,EASY,210.0,EASY,82.0,HARD_MID,171.0,EASY_MID,138.0,EASY_MID,85.0,HARD_MID,215.0,EASY,212.0,EASY,218.0,EASY,209.0,EASY,192.0,EASY,175.0,EASY_MID,228,218.0,box
2729,58.0,36.0,11.5,7.0,1.5,13.5,8.0,105.5,94.0,69.5,47.5,8.5,2,2729,26.0,HARD,170.0,EASY_MID,73.0,HARD_MID,58.0,HARD_MID,22.0,HARD,106.0,MID,178.0,EASY_MID,62.0,HARD_MID,70.0,HARD_MID,32.0,HARD,143.0,EASY_MID,30.0,HARD,228,26.0,box
2739,57.333333333333336,30.333333333333332,13.0,7.666666666666667,5.0,14.0,5.0,100.66666666666667,87.66666666666667,70.33333333333333,43.333333333333336,12.666666666666666,3,2739,25.0,HARD,76.0,HARD_MID,105.0,MID,98.0,MID,188.0,EASY,112.0,MID,76.0,HARD_MID,31.0,HARD,21.0,HARD,38.0,HARD,79.0,HARD_MID,143.0,EASY_MID,228,25.0,box
275,62.75,32.5,13.75,7.75,2.0,14.25,8.0,109.0,95.25,76.5,46.25,9.75,4,275,79.0,HARD_MID,105.0,MID,134.0,MID,101.0,MID,32.0,HARD,127.0,MID,178.0,EASY_MID,88.0,HARD_MID,79.0,HARD_MID,87.0,HARD_MID,126.0,MID,62.0,HARD_MID,228,79.0,box
2754,56.5,33.25,10.0,9.25,3.5,12.25,3.75,99.75,89.75,66.5,43.25,12.75,4,2754,22.0,HARD,119.0,MID,32.0,HARD,156.0,EASY_MID,115.0,MID,74.0,HARD_MID,32.0,HARD,24.0,HARD,37.0,HARD,21.0,HARD,78.0,HARD_MID,148.0,EASY_MID,228,22.0,box
2755,56.0,40.0,12.0,9.0,3.0,24.0,3.0,108.0,96.0,68.0,52.0,12.0,1,2755,20.0,HARD,200.0,EASY,82.0,HARD_MID,137.0,EASY_MID,80.0,HARD_MID,226.0,EASY,14.0,HARD,80.0,HARD_MID,85.0,HARD_MID,24.0,HARD,180.0,EASY_MID,120.0,MID,228,20.0,box
276,53.4,27.2,10.6,7.2,4.2,15.8,6.0,91.2,80.6,64.0,37.8,11.4,5,276,7.0,HARD,29.0,HARD,53.0,HARD_MID,81.0,HARD_MID,167.0,EASY_MID,152.0,EASY_MID,105.0,MID,7.0,HARD,4.0,HARD,12.0,HARD,19.0,HARD,104.0,MID,228,7.0,box
277,64.0,30.5,13.0,4.0,4.0,14.0,6.0,107.5,94.5,77.0,43.5,8.0,2,277,87.0,HARD_MID,78.0,HARD_MID,105.0,MID,8.0,HARD,138.0,EASY_MID,112.0,MID,105.0,MID,78.0,HARD_MID,74.0,HARD_MID,91.0,HARD_MID,81.0,HARD_MID,16.0,HARD,228,87.0,box
2771,68.0,33.0,12.0,5.0,5.0,17.0,3.0,113.0,101.0,80.0,45.0,10.0,1,2771,126.0,MID,112.0,MID,82.0,HARD_MID,15.0,HARD,188.0,EASY,172.0,EASY_MID,14.0,HARD,120.0,MID,131.0,MID,119.0,MID,104.0,MID,66.0,HARD_MID,228,126.0,box
28,71.0,40.333333333333336,17.0,4.666666666666667,6.0,13.333333333333334,9.0,128.33333333333334,111.33333333333333,88.0,57.333333333333336,10.666666666666666,3,28,158.0,EASY_MID,203.0,EASY,191.0,EASY,13.0,HARD,209.0,EASY,102.0,MID,203.0,EASY,198.0,EASY,194.0,EASY,180.0,EASY_MID,210.0,EASY,86.0,HARD_MID,228,158.0,box
282,87.0,36.5,12.5,6.0,2.0,14.5,6.0,136.0,123.5,99.5,49.0,8.0,2,282,224.0,EASY,173.0,EASY_MID,96.0,MID,33.0,HARD,32.0,HARD,128.0,MID,105.0,MID,212.0,EASY,217.0,EASY,218.0,EASY,156.0,EASY_MID,16.0,HARD,228,224.0,box
2837,69.0,45.0,12.0,6.0,2.0,17.0,5.0,126.0,114.0,81.0,57.0,8.0,1,2837,143.0,EASY_MID,218.0,EASY,82.0,HARD_MID,33.0,HARD,32.0,HARD,172.0,EASY_MID,76.0,HARD_MID,190.0,EASY,203.0,EASY,123.0,MID,207.0,EASY,16.0,HARD,228,143.0,box
284,70.0,22.0,11.0,11.0,4.0,11.0,7.0,103.0,92.0,81.0,33.0,15.0,1,284,151.0,EASY_MID,1.0,HARD,55.0,HARD_MID,193.0,EASY,138.0,EASY_MID,36.0,HARD,154.0,EASY_MID,43.0,HARD,46.0,HARD_MID,123.0,MID,1.0,HARD,194.0,EASY,228,151.0,box
2856,71.33333333333333,39.666666666666664,14.0,5.666666666666667,2.6666666666666665,11.666666666666666,6.0,125.0,111.0,85.33333333333333,53.666666666666664,8.333333333333334,3,2856,163.0,EASY_MID,199.0,EASY,137.0,EASY_MID,29.0,HARD,72.0,HARD_MID,50.0,HARD_MID,105.0,MID,183.0,EASY,185.0,EASY,157.0,EASY_MID,191.0,EASY,27.0,HARD,228,163.0,box
2870,76.0,34.333333333333336,18.666666666666668,12.0,2.0,19.666666666666668,11.0,129.0,110.33333333333333,94.66666666666667,53.0,14.0,3,2870,193.0,EASY,141.0,EASY_MID,211.0,EASY,208.0,EASY,32.0,HARD,213.0,EASY,222.0,EASY,199.0,EASY,184.0,EASY,213.0,EASY,186.0,EASY,175.0,EASY_MID,228,193.0,box
2885,62.0,35.5,11.5,9.0,5.5,12.5,2.5,109.0,97.5,73.5,47.0,14.5,2,2885,66.0,HARD_MID,161.0,EASY_MID,73.0,HARD_MID,137.0,EASY_MID,208.0,EASY,76.0,HARD_MID,9.0,HARD,88.0,HARD_MID,99.0,MID,57.0,HARD_MID,131.0,MID,187.0,EASY,228,66.0,box
290,82.0,36.0,23.0,9.0,4.0,18.0,4.0,141.0,118.0,105.0,59.0,13.0,1,290,218.0,EASY,170.0,EASY_MID,227.0,EASY,137.0,EASY_MID,138.0,EASY_MID,189.0,EASY,34.0,HARD,222.0,EASY,211.0,EASY,224.0,EASY,215.0,EASY,149.0,EASY_MID,228,218.0,box
2916,81.0,26.0,13.0,11.0,1.0,8.0,4.0,120.0,107.0,94.0,39.0,12.0,1,2916,214.0,EASY,18.0,HARD,105.0,MID,193.0,EASY,7.0,HARD,4.0,HARD,34.0,HARD,165.0,EASY_MID,171.0,EASY_MID,209.0,EASY,26.0,HARD,120.0,MID,228,214.0,box
292,68.5,33.75,16.0,8.25,1.75,10.0,5.5,118.25,102.25,84.5,49.75,10.0,4,292,136.0,MID,130.0,MID,182.0,EASY_MID,123.0,MID,30.0,HARD,20.0,HARD,97.0,MID,157.0,EASY_MID,147.0,EASY_MID,149.0,EASY_MID,172.0,EASY_MID,66.0,HARD_MID,228,136.0,box
294,89.5,38.0,19.5,11.5,5.0,13.0,7.0,147.0,127.5,109.0,57.5,16.5,2,294,226.0,EASY,188.0,EASY,217.0,EASY,203.0,EASY,188.0,EASY,85.0,HARD_MID,154.0,EASY_MID,226.0,EASY,226.0,EASY,225.0,EASY,211.0,EASY,208.0,EASY,228,226.0,box
30,84.0,35.5,18.0,14.5,1.0,16.0,6.0,137.5,119.5,102.0,53.5,15.5,2,30,222.0,EASY,161.0,EASY_MID,205.0,EASY,223.0,EASY,7.0,HARD,154.0,EASY_MID,105.0,MID,217.0,EASY,215.0,EASY,221.0,EASY,190.0,EASY,204.0,EASY,228,222.0,box
300,64.0,34.0,14.0,3.0,3.5,11.0,8.5,112.0,98.0,78.0,48.0,6.5,2,300,87.0,HARD_MID,131.0,MID,137.0,EASY_MID,3.0,HARD,115.0,MID,36.0,HARD,196.0,EASY,115.0,MID,100.0,MID,100.0,MID,145.0,EASY_MID,5.0,HARD,228,87.0,box
302,71.33333333333333,33.666666666666664,15.0,8.0,3.0,11.333333333333334,6.666666666666667,120.0,105.0,86.33333333333333,48.666666666666664,11.0,3,302,163.0,EASY_MID,126.0,MID,160.0,EASY_MID,104.0,MID,80.0,HARD_MID,43.0,HARD,149.0,EASY_MID,165.0,EASY_MID,162.0,EASY_MID,167.0,EASY_MID,155.0,EASY_MID,87.0,HARD_MID,228,163.0,box
304,62.0,26.0,15.0,3.0,1.0,15.0,9.0,103.0,88.0,77.0,41.0,4.0,1,304,66.0,HARD_MID,18.0,HARD,160.0,EASY_MID,3.0,HARD,7.0,HARD,136.0,MID,203.0,EASY,43.0,HARD,24.0,HARD,91.0,HARD_MID,42.0,HARD,1.0,HARD,228,66.0,box
3084,70.0,30.0,15.0,7.5,4.5,18.5,7.5,115.0,100.0,85.0,45.0,12.0,2,3084,151.0,EASY_MID,67.0,HARD_MID,160.0,EASY_MID,92.0,MID,174.0,EASY_MID,200.0,EASY,169.0,EASY_MID,135.0,MID,120.0,MID,152.0,EASY_MID,104.0,MID,120.0,MID,228,151.0,box
3101,77.0,34.0,15.0,7.0,10.0,13.0,3.0,126.0,111.0,92.0,49.0,17.0,1,3101,205.0,EASY,131.0,MID,160.0,EASY_MID,58.0,HARD_MID,228.0,EASY,85.0,HARD_MID,14.0,HARD,190.0,EASY,185.0,EASY,196.0,EASY,156.0,EASY_MID,215.0,EASY,228,205.0,box
311,58.5,29.5,13.0,3.0,3.5,11.0,5.0,101.0,88.0,71.5,42.5,6.5,2,311,30.0,HARD,58.0,HARD_MID,105.0,MID,3.0,HARD,115.0,MID,36.0,HARD,76.0,HARD_MID,32.0,HARD,24.0,HARD,44.0,HARD,66.0,HARD_MID,5.0,HARD,228,30.0,box
322,65.0,46.0,16.0,7.0,3.0,6.0,2.0,127.0,111.0,81.0,62.0,10.0,1,322,93.0,MID,222.0,EASY,182.0,EASY_MID,58.0,HARD_MID,80.0,HARD_MID,2.0,HARD,3.0,HARD,196.0,EASY,185.0,EASY,123.0,MID,221.0,EASY,66.0,HARD_MID,228,93.0,box
325,63.75,28.5,15.75,7.75,3.75,13.5,7.75,108.0,92.25,79.5,44.25,11.5,4,325,86.0,HARD_MID,45.0,HARD,181.0,EASY_MID,101.0,MID,134.0,MID,106.0,MID,177.0,EASY_MID,80.0,HARD_MID,53.0,HARD_MID,114.0,MID,99.0,MID,107.0,MID,228,86.0,box
331,66.0,35.5,12.5,7.0,3.5,12.5,6.5,114.0,101.5,78.5,48.0,10.5,2,331,105.0,MID,161.0,EASY_MID,96.0,MID,58.0,HARD_MID,115.0,MID,76.0,HARD_MID,136.0,MID,127.0,MID,137.0,EASY_MID,108.0,MID,145.0,EASY_MID,79.0,HARD_MID,228,105.0,box
333,62.0,32.5,14.0,7.0,3.5,12.5,6.5,108.5,94.5,76.0,46.5,10.5,2,333,66.0,HARD_MID,105.0,MID,137.0,EASY_MID,58.0,HARD_MID,115.0,MID,76.0,HARD_MID,136.0,MID,84.0,HARD_MID,74.0,HARD_MID,80.0,HARD_MID,128.0,MID,79.0,HARD_MID,228,66.0,box
338,66.0,32.0,15.0,8.0,5.0,13.0,6.0,113.0,98.0,81.0,47.0,13.0,1,338,105.0,MID,95.0,MID,160.0,EASY_MID,104.0,MID,188.0,EASY,85.0,HARD_MID,105.0,MID,120.0,MID,100.0,MID,123.0,MID,131.0,MID,149.0,EASY_MID,228,105.0,box
339,73.75,33.0,11.5,5.75,3.75,12.0,6.75,118.25,106.75,85.25,44.5,9.5,4,339,178.0,EASY_MID,112.0,MID,73.0,HARD_MID,32.0,HARD,134.0,MID,54.0,HARD_MID,152.0,EASY_MID,157.0,EASY_MID,170.0,EASY_MID,156.0,EASY_MID,100.0,MID,54.0,HARD_MID,228,178.0,box
349,63.0,26.0,11.6,7.6,4.8,13.2,6.2,100.6,89.0,74.6,37.6,12.4,5,349,80.0,HARD_MID,18.0,HARD,77.0,HARD_MID,95.0,MID,187.0,EASY,100.0,MID,131.0,MID,30.0,HARD,28.0,HARD,68.0,HARD_MID,18.0,HARD,137.0,EASY_MID,228,80.0,box
350,61.0,37.5,12.5,11.0,4.0,12.0,3.0,111.0,98.5,73.5,50.0,15.0,2,350,51.0,HARD_MID,183.0,EASY,96.0,MID,193.0,EASY,138.0,EASY_MID,54.0,HARD_MID,14.0,HARD,107.0,MID,106.0,MID,57.0,HARD_MID,173.0,EASY_MID,194.0,EASY,228,51.0,box
356,66.0,37.5,11.5,6.5,7.5,16.5,6.0,115.0,103.5,77.5,49.0,14.0,2,356,105.0,MID,183.0,EASY,73.0,HARD_MID,46.0,HARD_MID,222.0,EASY,164.0,EASY_MID,105.0,MID,135.0,MID,152.0,EASY_MID,98.0,MID,156.0,EASY_MID,175.0,EASY_MID,228,105.0,box
36,55.333333333333336,32.333333333333336,10.0,6.666666666666667,3.6666666666666665,8.333333333333334,4.333333333333333,97.66666666666667,87.66666666666667,65.33333333333333,42.333333333333336,10.333333333333334,3,36,16.0,HARD,103.0,MID,32.0,HARD,54.0,HARD_MID,130.0,MID,11.0,HARD,59.0,HARD_MID,19.0,HARD,21.0,HARD,15.0,HARD,61.0,HARD_MID,77.0,HARD_MID,228,16.0,box
38,66.0,25.0,10.0,9.0,1.0,8.0,4.0,101.0,91.0,76.0,35.0,10.0,1,38,105.0,MID,8.0,HARD,32.0,HARD,137.0,EASY_MID,7.0,HARD,4.0,HARD,34.0,HARD,32.0,HARD,43.0,HARD,80.0,HARD_MID,5.0,HARD,66.0,HARD_MID,228,105.0,box
45,60.25,30.25,13.75,7.0,1.5,12.0,7.5,104.25,90.5,74.0,44.0,8.5,4,45,44.0,HARD,75.0,HARD_MID,134.0,MID,58.0,HARD_MID,22.0,HARD,54.0,HARD_MID,169.0,EASY_MID,54.0,HARD_MID,41.0,HARD,62.0,HARD_MID,84.0,HARD_MID,30.0,HARD,228,44.0,box
47,53.5,35.5,9.5,7.25,5.25,17.0,5.0,98.5,89.0,63.0,45.0,12.5,4,47,8.0,HARD,161.0,EASY_MID,25.0,HARD,82.0,HARD_MID,204.0,EASY,172.0,EASY_MID,76.0,HARD_MID,21.0,HARD,28.0,HARD,9.0,HARD,104.0,MID,138.0,EASY_MID,228,8.0,box
48,59.5,32.5,10.5,9.0,2.5,17.0,6.0,102.5,92.0,70.0,43.0,11.5,2,48,37.0,HARD,105.0,MID,45.0,HARD,137.0,EASY_MID,65.0,HARD_MID,172.0,EASY_MID,105.0,MID,40.0,HARD,46.0,HARD_MID,35.0,HARD,73.0,HARD_MID,107.0,MID,228,37.0,box
50,62.0,41.5,13.5,8.0,7.0,14.0,2.5,117.0,103.5,75.5,55.0,15.0,2,50,66.0,HARD_MID,208.0,EASY,125.0,MID,104.0,MID,219.0,EASY,112.0,MID,9.0,HARD,152.0,EASY_MID,152.0,EASY_MID,74.0,HARD_MID,200.0,EASY,194.0,EASY,228,66.0,box
526,62.0,30.0,7.0,10.0,3.0,14.0,6.0,99.0,92.0,69.0,37.0,13.0,1,526,66.0,HARD_MID,67.0,HARD_MID,2.0,HARD,171.0,EASY_MID,80.0,HARD_MID,112.0,MID,105.0,MID,22.0,HARD,46.0,HARD_MID,28.0,HARD,15.0,HARD,149.0,EASY_MID,228,66.0,box
55,76.5,28.5,10.0,7.5,2.0,14.5,5.5,115.0,105.0,86.5,38.5,9.5,2,55,200.0,EASY,45.0,HARD,32.0,HARD,92.0,MID,32.0,HARD,128.0,MID,97.0,MID,135.0,MID,162.0,EASY_MID,168.0,EASY_MID,21.0,HARD,54.0,HARD_MID,228,200.0,box
56,76.0,32.0,16.0,14.0,1.0,21.0,10.0,124.0,108.0,92.0,48.0,15.0,1,56,193.0,EASY,95.0,MID,182.0,EASY_MID,219.0,EASY,7.0,HARD,219.0,EASY,215.0,EASY,181.0,EASY_MID,175.0,EASY_MID,196.0,EASY,145.0,EASY_MID,194.0,EASY,228,193.0,box
58,62.0,45.0,9.0,3.0,4.0,15.0,2.0,116.0,107.0,71.0,54.0,7.0,1,58,66.0,HARD_MID,218.0,EASY,14.0,HARD,3.0,HARD,138.0,EASY_MID,136.0,MID,3.0,HARD,145.0,EASY_MID,171.0,EASY_MID,40.0,HARD,192.0,EASY,7.0,HARD,228,66.0,box
59,69.0,25.0,17.0,10.0,5.0,15.0,7.0,111.0,94.0,86.0,42.0,15.0,1,59,143.0,EASY_MID,8.0,HARD,191.0,EASY,171.0,EASY_MID,188.0,EASY,136.0,MID,154.0,EASY_MID,107.0,MID,70.0,HARD_MID,161.0,EASY_MID,54.0,HARD_MID,194.0,EASY,228,143.0,box
6,71.0,27.5,14.5,13.0,4.0,12.0,7.0,113.0,98.5,85.5,42.0,17.0,2,6,158.0,EASY_MID,30.0,HARD,153.0,EASY_MID,213.0,EASY,138.0,EASY_MID,54.0,HARD_MID,154.0,EASY_MID,120.0,MID,106.0,MID,158.0,EASY_MID,54.0,HARD_MID,215.0,EASY,228,158.0,box
61,82.0,34.0,20.0,7.0,2.0,13.0,10.0,136.0,116.0,102.0,54.0,9.0,1,61,218.0,EASY,131.0,MID,219.0,EASY,58.0,HARD_MID,32.0,HARD,85.0,HARD_MID,215.0,EASY,212.0,EASY,207.0,EASY,221.0,EASY,192.0,EASY,37.0,HARD,228,218.0,box
62,61.333333333333336,35.0,11.0,11.0,1.6666666666666667,8.666666666666666,6.333333333333333,107.33333333333333,96.33333333333333,72.33333333333333,46.0,12.666666666666666,3,62,56.0,HARD_MID,148.0,EASY_MID,55.0,HARD_MID,193.0,EASY,29.0,HARD,14.0,HARD,134.0,MID,77.0,HARD_MID,93.0,MID,47.0,HARD_MID,119.0,MID,143.0,EASY_MID,228,56.0,box
66,72.0,39.0,15.0,8.0,5.0,8.0,9.0,126.0,111.0,87.0,54.0,13.0,1,66,165.0,EASY_MID,193.0,EASY,160.0,EASY_MID,104.0,MID,188.0,EASY,4.0,HARD,203.0,EASY,190.0,EASY,185.0,EASY,170.0,EASY_MID,192.0,EASY,149.0,EASY_MID,228,165.0,box
68,68.0,23.0,19.0,7.0,2.0,7.0,9.0,110.0,91.0,87.0,42.0,9.0,1,68,126.0,MID,4.0,HARD,212.0,EASY,58.0,HARD_MID,32.0,HARD,3.0,HARD,203.0,EASY,95.0,MID,43.0,HARD,170.0,EASY_MID,54.0,HARD_MID,37.0,HARD,228,126.0,box
70,65.66666666666667,35.666666666666664,11.666666666666666,10.666666666666666,6.0,12.0,7.333333333333333,113.0,101.33333333333333,77.33333333333333,47.333333333333336,16.666666666666668,3,70,103.0,MID,168.0,EASY_MID,78.0,HARD_MID,190.0,EASY,209.0,EASY,54.0,HARD_MID,167.0,EASY_MID,120.0,MID,136.0,MID,97.0,MID,142.0,EASY_MID,213.0,EASY,228,103.0,box
71,68.5,29.5,13.0,8.0,1.0,10.0,4.0,111.0,98.0,81.5,42.5,9.0,2,71,136.0,MID,58.0,HARD_MID,105.0,MID,104.0,MID,7.0,HARD,20.0,HARD,34.0,HARD,107.0,MID,100.0,MID,132.0,MID,66.0,HARD_MID,37.0,HARD,228,136.0,box
79,81.0,45.0,8.0,6.0,3.0,13.0,2.0,134.0,126.0,89.0,53.0,9.0,1,79,214.0,EASY,218.0,EASY,6.0,HARD,33.0,HARD,80.0,HARD_MID,85.0,HARD_MID,3.0,HARD,209.0,EASY,223.0,EASY,183.0,EASY,186.0,EASY,37.0,HARD,228,214.0,box
82,76.0,27.0,14.0,6.0,0.0,15.0,7.0,117.0,103.0,90.0,41.0,6.0,1,82,193.0,EASY,27.0,HARD,137.0,EASY_MID,33.0,HARD,1.0,HARD,136.0,MID,154.0,EASY_MID,152.0,EASY_MID,149.0,EASY_MID,189.0,EASY,42.0,HARD,3.0,HARD,228,193.0,box
87,66.75,32.25,13.0,8.0,5.25,19.25,6.75,112.0,99.0,79.75,45.25,13.25,4,87,116.0,MID,102.0,MID,105.0,MID,104.0,MID,204.0,EASY,210.0,EASY,152.0,EASY_MID,115.0,MID,111.0,MID,117.0,MID,114.0,MID,166.0,EASY_MID,228,116.0,box
88,61.0,35.0,9.0,8.0,1.0,18.0,7.0,105.0,96.0,70.0,44.0,9.0,1,88,51.0,HARD_MID,148.0,EASY_MID,14.0,HARD,104.0,MID,7.0,HARD,189.0,EASY,154.0,EASY_MID,57.0,HARD_MID,85.0,HARD_MID,35.0,HARD,84.0,HARD_MID,37.0,HARD,228,51.0,box
9,57.0,39.0,9.0,11.0,6.0,10.0,4.0,105.0,96.0,66.0,48.0,17.0,1,9,24.0,HARD,193.0,EASY,14.0,HARD,193.0,EASY,209.0,EASY,20.0,HARD,34.0,HARD,57.0,HARD_MID,85.0,HARD_MID,17.0,HARD,145.0,EASY_MID,215.0,EASY,228,24.0,box
93,79.0,37.25,9.75,5.5,3.25,12.5,4.0,126.0,116.25,88.75,47.0,8.75,4,93,209.0,EASY,181.0,EASY_MID,31.0,HARD,23.0,HARD,107.0,MID,76.0,HARD_MID,34.0,HARD,190.0,EASY,208.0,EASY,182.0,EASY_MID,131.0,MID,34.0,HARD,228,209.0,box
96,68.33333333333333,28.333333333333332,13.666666666666666,10.666666666666666,1.3333333333333333,12.666666666666666,5.0,110.33333333333333,96.66666666666667,82.0,42.0,12.0,3,96,134.0,MID,43.0,HARD,132.0,MID,190.0,EASY,21.0,HARD,83.0,HARD_MID,76.0,HARD_MID,103.0,MID,97.0,MID,133.0,MID,54.0,HARD_MID,120.0,MID,228,134.0,box
97,63.666666666666664,28.666666666666668,12.0,7.333333333333333,4.0,13.333333333333334,7.666666666666667,104.33333333333333,92.33333333333333,75.66666666666667,40.666666666666664,11.333333333333334,3,97,84.0,HARD_MID,47.0,HARD_MID,82.0,HARD_MID,86.0,HARD_MID,138.0,EASY_MID,102.0,MID,175.0,EASY_MID,55.0,HARD_MID,55.0,HARD_MID,78.0,HARD_MID,40.0,HARD,100.0,MID,228,84.0,box
CONN,50.666666666666664,30.0,9.666666666666666,7.166666666666667,2.0,18.5,4.0,90.33333333333333,80.66666666666667,60.333333333333336,39.666666666666664,9.166666666666666,6,41,3.0,HARD,67.0,HARD_MID,29.0,HARD,80.0,HARD_MID,32.0,HARD,200.0,EASY,34.0,HARD,5.0,HARD,5.0,HARD,3.0,HARD,31.0,HARD,50.0,HARD_MID,228,3.0,box
DUKE,66.25,32.5,8.75,7.25,4.5,15.0,2.75,107.5,98.75,75.0,41.25,11.75,4,150,114.0,MID,105.0,MID,12.0,HARD,82.0,HARD_MID,174.0,EASY_MID,136.0,MID,12.0,HARD,78.0,HARD_MID,109.0,MID,71.0,HARD_MID,48.0,HARD_MID,117.0,MID,228,114.0,box
LSU,64.0,25.666666666666668,11.666666666666666,6.666666666666667,4.333333333333333,18.0,6.666666666666667,101.33333333333333,89.66666666666667,75.66666666666667,37.333333333333336,11.0,3,99,87.0,HARD_MID,15.0,HARD,78.0,HARD_MID,54.0,HARD_MID,170.0,EASY_MID,189.0,EASY,149.0,EASY_MID,34.0,HARD,36.0,HARD,78.0,HARD_MID,16.0,HARD,87.0,HARD_MID,228,87.0,box
MINN,67.0,27.0,16.0,8.333333333333334,3.3333333333333335,12.0,5.333333333333333,110.0,94.0,83.0,43.0,11.666666666666666,3,135,117.0,MID,27.0,HARD,182.0,EASY_MID,125.0,MID,109.0,MID,54.0,HARD_MID,94.0,MID,95.0,MID,70.0,HARD_MID,139.0,EASY_MID,73.0,HARD_MID,115.0,MID,228,117.0,box
UCLA,53.8,23.8,12.2,7.6,2.2,11.0,4.0,89.8,77.6,66.0,36.0,9.8,5,26,9.0,HARD,7.0,HARD,94.0,MID,95.0,MID,62.0,HARD_MID,36.0,HARD,34.0,HARD,4.0,HARD,1.0,HARD,17.0,HARD,11.0,HARD,65.0,HARD_MID,228,9.0,box
UNC,60.0,33.333333333333336,9.0,13.0,3.3333333333333335,11.333333333333334,3.0,102.33333333333333,93.33333333333333,69.0,42.333333333333336,16.333333333333332,3,153,40.0,HARD,121.0,MID,14.0,HARD,213.0,EASY,109.0,MID,43.0,HARD,14.0,HARD,37.0,HARD,63.0,HARD_MID,28.0,HARD,61.0,HARD_MID,207.0,EASY,228,40.0,box
