sport,pipeline,pick_type,tier,direction,prop,n_total,base_hit_rate,recommended_min_ml_prob,recommended_n,recommended_hit_rate,lift_vs_base,avg_calibration_gap,policy_status,gate_tier_target,gate_action,gate_tier_proposed,gate_profile,gate_notes,demon_floor_action
NBA1Q,NBA1Q,DEMON,D,OVER,Assists,547,0.6270566727605119,,547,0.6270566727605119,0.0,0.21308675373293487,HOLDOUT_RECALIBRATE,D,DEMON_KEEP,D,DEMON_KEEP,demon_no_retier_holdout,HOLDOUT
NBA1Q,NBA1Q,GOBLIN,D,OVER,Rebounds,123,0.6829268292682927,0.9185,38,0.8947368421052632,0.21181001283697043,0.06859022943981254,OK,D,HOLD,D,GOBLIN,at_target,
NBA1Q,NBA1Q,DEMON,D,OVER,Points,1145,0.4882096069868996,,1145,0.4882096069868996,0.0,0.3364980779094149,HOLDOUT_RECALIBRATE,D,DEMON_KEEP,D,DEMON_KEEP,demon_no_retier_holdout,HOLDOUT
NBA1Q,NBA1Q,DEMON,D,OVER,Rebounds,778,0.47429305912596403,,778,0.47429305912596403,0.0,0.33019691961688685,HOLDOUT_RECALIBRATE,D,DEMON_KEEP,D,DEMON_KEEP,demon_no_retier_holdout,HOLDOUT
CBB,CBB,STANDARD,C,OVER,pra,177,0.4745762711864407,0.9072520984279537,53,0.6792452830188679,0.2046690118324272,0.32006038511808504,OK,D,DEMOTE_1,D,STANDARD_OVER,below_current_tier_gates,
NBA,NBA,STANDARD,A,OVER,Fantasy Score,147,0.6190476190476191,0.9089011206758022,44,0.7954545454545454,0.17640692640692635,0.19865193004207177,OK,D,DEMOTE_1,B,STANDARD_OVER,below_current_tier_gates,
NBA1Q,NBA1Q,DEMON,C,OVER,Points,127,0.6141732283464567,,127,0.6141732283464567,0.0,0.3364980779094149,HOLDOUT_RECALIBRATE,C,DEMON_KEEP,C,DEMON_KEEP,demon_no_retier_holdout,HOLDOUT
CBB,CBB,GOBLIN,C,OVER,tov,134,0.5522388059701493,0.9089772381552658,40,0.725,0.17276119402985068,0.2260752665210962,OK,D,DEMOTE_1,D,GOBLIN,below_current_tier_gates,
CBB,CBB,STANDARD,C,UNDER,pr,258,0.5581395348837209,0.5763277879944465,78,0.717948717948718,0.15980918306499703,0.04025565798623752,OK,D,DEMOTE_1,D,STANDARD_UNDER,below_current_tier_gates,
NBA1Q,NBA1Q,STANDARD,A,OVER,Points,160,0.8,0.9092456914474288,48,0.9583333333333334,0.15833333333333333,0.1979366976983809,OK,D,DEMOTE_1,B,STANDARD_OVER,below_current_tier_gates,
CBB,CBB,STANDARD,B,UNDER,pr,121,0.5206611570247934,0.6097779789095855,37,0.6756756756756757,0.15501451865088223,0.04025565798623752,OK,D,DEMOTE_1,C,STANDARD_UNDER,below_current_tier_gates,
CBB,CBB,GOBLIN,A,OVER,pts,374,0.6577540106951871,0.9120603218907424,112,0.8035714285714286,0.14581741787624147,0.20839478602179606,OK,D,DEMOTE_1,B,GOBLIN,below_current_tier_gates,
CBB,CBB,STANDARD,C,UNDER,pra,231,0.5627705627705628,0.5980298731096644,70,0.7,0.13722943722943715,0.04358699075829704,OK,D,DEMOTE_1,D,STANDARD_UNDER,below_current_tier_gates,
NHL,NHL,DEMON,D,OVER,Plus/Minus,277,0.2815884476534296,0.1964580356630585,83,0.40963855421686746,0.12805010656343785,0.166621247647384,OK,D,DEMON_KEEP,D,DEMON_KEEP,demon_floor_thin_sample,HOLD
NBA,NBA,DEMON,D,OVER,Fantasy Score,311,0.42765273311897106,,311,0.42765273311897106,0.0,0.3343053329608838,HOLDOUT_RECALIBRATE,D,DEMON_KEEP,D,DEMON_KEEP,demon_no_retier_holdout,HOLDOUT
Soccer,Soccer,DEMON,A,OVER,Shots On Target,202,0.6584158415841584,,202,0.6584158415841584,0.0,0.41515740696229936,HOLDOUT_RECALIBRATE,A,DEMON_KEEP,A,DEMON_KEEP,demon_no_retier_holdout,HOLDOUT
MLB,MLB,DEMON,A,OVER,Total Bases,606,0.25412541254125415,0.252,189,0.37566137566137564,0.12153596312012149,0.1981492198060602,OK,A,DEMON_KEEP,A,DEMON_KEEP,demon_floor_thin_sample,HOLD
NBA1Q,NBA1Q,STANDARD,D,OVER,Points,200,0.5,0.9032,62,0.6129032258064516,0.11290322580645162,0.1979366976983809,OK,D,HOLD,D,STANDARD_OVER,at_target,
Soccer,Soccer,GOBLIN,A,OVER,Shots,201,0.5124378109452736,0.9125239910519864,61,0.6229508196721312,0.11051300872685754,0.2052322357624921,OK,D,DEMOTE_1,B,GOBLIN,below_current_tier_gates,
NBA,NBA,STANDARD,C,OVER,Points,152,0.5526315789473685,0.9063,62,0.6612903225806451,0.10865874363327666,0.2729943904706523,OK,D,DEMOTE_1,D,STANDARD_OVER,below_current_tier_gates,
CBB,CBB,GOBLIN,C,OVER,reb,477,0.6058700209643606,0.9092370361461056,143,0.7062937062937062,0.10042368532934565,0.18918847285141285,OK,D,DEMOTE_1,D,GOBLIN,below_current_tier_gates,
CBB,CBB,STANDARD,C,OVER,pr,170,0.48823529411764705,0.9076508392878179,51,0.5882352941176471,0.10000000000000003,0.31710768609766593,OK,D,DEMOTE_1,D,STANDARD_OVER,below_current_tier_gates,
NBA,NBA,GOBLIN,A,OVER,Pts+Rebs+Asts,415,0.6795180722891566,0.9128322349937175,125,0.776,0.09648192771084341,0.1758573188594561,OK,D,DEMOTE_1,B,GOBLIN,below_current_tier_gates,
CBB,CBB,GOBLIN,B,OVER,pra,122,0.639344262295082,0.9082950644607379,49,0.7346938775510204,0.09534961525593844,0.2566979700361787,OK,D,DEMOTE_1,C,GOBLIN,below_current_tier_gates,
NBA,NBA,GOBLIN,D,OVER,Two Pointers Made,205,0.6048780487804878,0.9054585638520848,63,0.6984126984126984,0.09353464963221059,0.14325378198699099,OK,D,HOLD,D,GOBLIN,at_target,
CBB,CBB,GOBLIN,C,OVER,pra,247,0.5708502024291497,0.9083842085618217,74,0.6621621621621622,0.09131195973301243,0.2566979700361787,OK,D,DEMOTE_1,D,GOBLIN,below_current_tier_gates,
NBA,NBA,GOBLIN,B,OVER,Rebs+Asts,339,0.6666666666666666,0.912,107,0.7570093457943925,0.09034267912772587,0.1627986810765792,OK,D,DEMOTE_1,C,GOBLIN,below_current_tier_gates,
CBB,CBB,STANDARD,C,UNDER,pa,223,0.5381165919282511,0.5769676979603707,67,0.6268656716417911,0.08874907971353996,0.06077470570336587,OK,D,DEMOTE_1,D,STANDARD_UNDER,below_current_tier_gates,
NBA1Q,NBA1Q,STANDARD,B,OVER,Points,127,0.7007874015748031,0.91124,38,0.7894736842105263,0.0886862826357232,0.1979366976983809,OK,D,DEMOTE_1,C,STANDARD_OVER,below_current_tier_gates,
MLB,MLB,GOBLIN,D,OVER,Hits Allowed,122,0.639344262295082,0.53,51,0.7254901960784313,0.08614593378334934,0.2956783253073655,OK,D,HOLD,D,GOBLIN,at_target,
Soccer,Soccer,GOBLIN,D,OVER,Shots,228,0.2675438596491228,0.0869629700743675,82,0.35365853658536583,0.08611467693624303,0.2052322357624921,OK,D,HOLD,D,GOBLIN,at_target,
NBA,NBA,GOBLIN,A,OVER,Pts+Rebs,494,0.7105263157894737,0.9131850648476482,148,0.7905405405405406,0.0800142247510669,0.1664413272122509,OK,D,DEMOTE_1,B,GOBLIN,below_current_tier_gates,
NBA,NBA,GOBLIN,A,OVER,Steals,492,0.7052845528455285,0.9180121218900144,148,0.7837837837837838,0.07849923093825528,0.16144033747504558,OK,D,DEMOTE_1,B,GOBLIN,below_current_tier_gates,
NHL,NHL,DEMON,C,OVER,Assists,182,0.23076923076923078,0.6194,88,0.3068181818181818,0.07604895104895104,0.1537160060489461,OK,C,DEMON_KEEP,C,DEMON_KEEP,demon_floor_thin_sample,HOLD
CBB,CBB,GOBLIN,C,OVER,pts,442,0.5972850678733032,0.9078531007727723,177,0.672316384180791,0.07503131630748783,0.20839478602179606,OK,D,DEMOTE_1,D,GOBLIN,below_current_tier_gates,
CBB,CBB,STANDARD,C,UNDER,pts,272,0.5036764705882353,0.5520865687793868,109,0.5779816513761468,0.07430518078791148,0.04101457628367779,OK,D,DEMOTE_1,D,STANDARD_UNDER,below_current_tier_gates,
NBA,NBA,GOBLIN,B,OVER,Pts+Rebs+Asts,472,0.652542372881356,0.9111250347933293,142,0.7253521126760564,0.0728097397947004,0.1758573188594561,OK,D,DEMOTE_1,C,GOBLIN,below_current_tier_gates,
NBA,NBA,STANDARD,D,OVER,Fantasy Score,625,0.5936,0.9003954156977259,188,0.6648936170212766,0.07129361702127657,0.19865193004207177,OK,D,HOLD,D,STANDARD_OVER,at_target,
CBB,CBB,STANDARD,C,OVER,pts,252,0.46825396825396826,0.9076551726672887,76,0.5394736842105263,0.07121971595655807,0.33775747154373137,OK,D,DEMOTE_1,D,STANDARD_OVER,below_current_tier_gates,
NBA,NBA,STANDARD,D,UNDER,Fantasy Score,232,0.5431034482758621,0.40768,70,0.6142857142857143,0.07118226600985222,0.2365681420922378,OK,D,HOLD,D,STANDARD_UNDER,at_target,
CBB,CBB,STANDARD,C,UNDER,ra,208,0.5961538461538461,0.5737793209263127,63,0.6666666666666666,0.07051282051282048,0.06080205459021606,OK,D,DEMOTE_1,D,STANDARD_UNDER,below_current_tier_gates,
CBB,CBB,STANDARD,C,UNDER,reb,214,0.5934579439252337,0.5645456688816577,107,0.6635514018691588,0.07009345794392519,0.05924986860766448,OK,D,DEMOTE_1,D,STANDARD_UNDER,below_current_tier_gates,
NBA,NBA,GOBLIN,D,OVER,FG Made,157,0.6560509554140127,0.9070124712467329,47,0.723404255319149,0.06735329990513628,0.19492158457291964,OK,D,HOLD,D,GOBLIN,at_target,
NBA,NBA,GOBLIN,D,OVER,Personal Fouls,250,0.52,0.7428571925362257,75,0.5866666666666667,0.06666666666666665,0.1803200258271004,OK,D,HOLD,D,GOBLIN,at_target,
NBA,NBA,GOBLIN,D,OVER,Free Throws Attempted,135,0.5925925925925926,0.745667210265578,41,0.6585365853658537,0.06594399277326113,0.1565831671858224,OK,D,HOLD,D,GOBLIN,at_target,
NBA,NBA,STANDARD,D,UNDER,Rebounds (Combo),234,0.5555555555555556,0.55,79,0.620253164556962,0.06469760900140642,0.0953767989087284,OK,D,HOLD,D,STANDARD_UNDER,at_target,
NBA,NBA,GOBLIN,A,OVER,Fantasy Score,290,0.8206896551724138,0.9141859837714126,87,0.8850574712643678,0.06436781609195408,0.11697980454343875,OK,D,DEMOTE_1,B,GOBLIN,below_current_tier_gates,
NBA1Q,NBA1Q,GOBLIN,B,OVER,Points,534,0.8239700374531835,0.91231,160,0.8875,0.06352996254681642,0.07925537540818771,OK,D,DEMOTE_1,C,GOBLIN,below_current_tier_gates,
MLB,MLB,DEMON,C,OVER,Total Bases,164,0.23780487804878048,0.9047,50,0.3,0.06219512195121951,0.1981492198060602,OK,C,DEMON_KEEP,C,DEMON_KEEP,demon_floor_thin_sample,HOLD
NBA1Q,NBA1Q,STANDARD,C,OVER,Points,181,0.7016574585635359,0.9083,55,0.7636363636363637,0.06197890507282777,0.1979366976983809,OK,D,DEMOTE_1,D,STANDARD_OVER,below_current_tier_gates,
NBA,NBA,STANDARD,D,UNDER,Assists,291,0.5154639175257731,0.4849,168,0.5773809523809523,0.06191703485517919,0.05091735812731089,OK,D,HOLD,D,STANDARD_UNDER,at_target,
NBA,NBA,GOBLIN,A,OVER,Pts+Asts,348,0.7097701149425287,0.9126978421980955,105,0.7714285714285715,0.061658456486042734,0.14973533935536873,OK,D,DEMOTE_1,B,GOBLIN,below_current_tier_gates,
NBA,NBA,GOBLIN,A,OVER,Rebounds,551,0.7186932849364791,0.9122,167,0.7784431137724551,0.059749828835976015,0.14773393708015664,OK,D,DEMOTE_1,B,GOBLIN,below_current_tier_gates,
CBB,CBB,STANDARD,D,OVER,reb,135,0.35555555555555557,0.5883075732936709,41,0.4146341463414634,0.059078590785907825,0.2822063280662787,OK,D,HOLD,D,STANDARD_OVER,at_target,
NBA1H,NBA1H,STANDARD,D,OVER,Pts+Rebs+Asts,343,0.6588921282798834,0.9032,241,0.7178423236514523,0.05895019537156887,0.24693893853447876,OK,C,PROMOTE_1,C,STANDARD_OVER,meets_higher_tier_gates,
NBA,NBA,GOBLIN,B,OVER,Pts+Rebs,480,0.6291666666666667,0.9080578133070855,240,0.6875,0.05833333333333335,0.1664413272122509,OK,C,DEMOTE_1,C,GOBLIN,below_current_tier_gates,
NBA,NBA,DEMON,D,OVER,Two Pointers Made,138,0.5144927536231884,0.8685594665841667,42,0.5714285714285714,0.05693581780538304,0.24914859253632918,OK,D,DEMON_KEEP,D,DEMON_KEEP,demon_floor_thin_sample,HOLD
NBA1H,NBA1H,STANDARD,D,OVER,Points,328,0.5640243902439024,0.909046533434608,197,0.6192893401015228,0.05526494985762043,0.3516730392679648,OK,D,HOLD,D,STANDARD_OVER,at_target,
CBB,CBB,GOBLIN,C,OVER,ast,366,0.644808743169399,0.9104707918803825,110,0.7,0.055191256830601,0.1913162964497835,OK,D,DEMOTE_1,D,GOBLIN,below_current_tier_gates,
MLB,MLB,DEMON,D,OVER,Total Bases,18269,0.20400678745415732,0.1109,7568,0.2591173361522199,0.05511054869806256,0.1981492198060602,OK,D,DEMON_KEEP,D,DEMON_KEEP,demon_floor_confident,APPLY_FLOOR
NBA,NBA,STANDARD,D,OVER,Pts+Asts,950,0.4968421052631579,0.9034271265578341,285,0.5508771929824562,0.05403508771929827,0.27498246621227956,OK,D,HOLD,D,STANDARD_OVER,at_target,
NBA,NBA,STANDARD,D,UNDER,FG Attempted,258,0.562015503875969,0.4819,135,0.6148148148148148,0.05279931093884582,0.09847157676157825,OK,D,HOLD,D,STANDARD_UNDER,at_target,
NBA,NBA,GOBLIN,D,OVER,Blocked Shots,222,0.6216216216216216,0.7517678939159057,89,0.6741573033707865,0.0525356817491649,0.16066899648010743,OK,D,HOLD,D,GOBLIN,at_target,
MLB,MLB,DEMON,D,OVER,Runs,7585,0.26446934739617667,0.1295,5155,0.3163918525703201,0.05192250517414343,0.15734764662026152,OK,D,DEMON_KEEP,D,DEMON_KEEP,demon_floor_confident,APPLY_FLOOR
CBB,CBB,STANDARD,C,OVER,pa,187,0.5240641711229946,0.9042279130976077,94,0.574468085106383,0.05040391398338839,0.3091755115847204,OK,D,DEMOTE_1,D,STANDARD_OVER,below_current_tier_gates,
MLB,MLB,DEMON,D,OVER,Hits Allowed,487,0.2546201232032854,0.1295,207,0.30434782608695654,0.04972770288367112,0.24558909066094392,OK,D,DEMON_KEEP,D,DEMON_KEEP,demon_floor_thin_sample,HOLD
Soccer,Soccer,DEMON,D,OVER,Goal + Assist,570,0.054385964912280704,0.1,184,0.10326086956521739,0.04887490465293669,0.06465539339528488,OK,D,DEMON_KEEP,D,DEMON_KEEP,demon_floor_thin_sample,HOLD
NHL,NHL,DEMON,C,OVER,Points,156,0.27564102564102566,0.6194,74,0.32432432432432434,0.04868329868329868,0.14417362059062538,OK,C,DEMON_KEEP,C,DEMON_KEEP,demon_floor_thin_sample,HOLD
NBA,NBA,GOBLIN,A,OVER,3-PT Made,462,0.7251082251082251,0.9172834763691237,185,0.772972972972973,0.047864747864747814,0.13284986286388492,OK,D,DEMOTE_1,B,GOBLIN,below_current_tier_gates,
CBB,CBB,GOBLIN,B,OVER,pts,308,0.6298701298701299,0.9095391709440251,93,0.6774193548387096,0.04754922496857972,0.20839478602179606,OK,D,DEMOTE_1,C,GOBLIN,below_current_tier_gates,
NBA,NBA,GOBLIN,B,OVER,Blks+Stls,131,0.6106870229007634,0.9113,79,0.6582278481012658,0.0475408252005024,0.16624200433723052,OK,D,DEMOTE_1,C,GOBLIN,below_current_tier_gates,
NBA,NBA,GOBLIN,D,OVER,Pts+Rebs,1956,0.6298568507157464,0.9077,592,0.6773648648648649,0.04750801414911854,0.1664413272122509,OK,C,PROMOTE_1,C,GOBLIN,meets_higher_tier_gates,
NBA,NBA,GOBLIN,A,OVER,Points,827,0.7049576783555018,0.9118985933392769,331,0.7492447129909365,0.04428703463543471,0.15742149862061852,OK,C,DEMOTE_1,B,GOBLIN,below_current_tier_gates,
NBA,NBA,STANDARD,D,UNDER,Two Pointers Attempted,171,0.5263157894736842,0.4444,107,0.5700934579439252,0.043777668470241005,0.10968034751628744,OK,D,HOLD,D,STANDARD_UNDER,at_target,
NBA1Q,NBA1Q,GOBLIN,C,OVER,Points,376,0.7553191489361702,0.8838,263,0.7984790874524715,0.04315993851630129,0.07925537540818771,OK,C,HOLD,C,GOBLIN,at_target,
CBB,CBB,GOBLIN,D,OVER,reb,215,0.6186046511627907,0.6640096935514737,65,0.6615384615384615,0.04293381037567079,0.18918847285141285,OK,D,HOLD,D,GOBLIN,at_target,
NBA,NBA,GOBLIN,D,OVER,Steals,465,0.5290322580645161,0.77302,140,0.5714285714285714,0.04239631336405525,0.16144033747504558,OK,D,HOLD,D,GOBLIN,at_target,
NBA,NBA,GOBLIN,B,OVER,Rebounds,540,0.7185185185185186,0.9112,163,0.7607361963190185,0.0422176778004999,0.14773393708015664,OK,D,DEMOTE_1,C,GOBLIN,below_current_tier_gates,
NBA,NBA,GOBLIN,D,OVER,Pts+Asts,1557,0.6319845857418112,0.9079,475,0.6736842105263158,0.04169962478450462,0.14973533935536873,OK,C,PROMOTE_1,C,GOBLIN,meets_higher_tier_gates,
NBA,NBA,DEMON,D,OVER,Blks+Stls,304,0.3980263157894737,0.5590388278545534,91,0.43956043956043955,0.04153412377096588,0.19516952461556397,OK,D,DEMON_KEEP,D,DEMON_KEEP,demon_floor_thin_sample,HOLD
NBA,NBA,GOBLIN,A,OVER,Rebs+Asts,358,0.6927374301675978,0.9129106722985276,109,0.7339449541284404,0.041207523960842596,0.1627986810765792,OK,D,DEMOTE_1,B,GOBLIN,below_current_tier_gates,
NHL,NHL,DEMON,D,OVER,Assists,1037,0.1909353905496625,0.1,405,0.23209876543209876,0.041163374882436266,0.1537160060489461,OK,D,DEMON_KEEP,D,DEMON_KEEP,demon_floor_watchlist,WATCHLIST
NBA,NBA,GOBLIN,C,OVER,Points,1227,0.6740016299918501,0.9109,371,0.7142857142857143,0.04028408429386421,0.15742149862061852,OK,B,PROMOTE_1,B,GOBLIN,meets_higher_tier_gates,
NBA,NBA,STANDARD,C,OVER,Pts+Rebs,158,0.46835443037974683,0.9059,65,0.5076923076923077,0.03933787731256083,0.2749863989622314,OK,D,DEMOTE_1,D,STANDARD_OVER,below_current_tier_gates,
CBB,CBB,GOBLIN,B,OVER,reb,126,0.6666666666666666,0.9095257879329709,51,0.7058823529411765,0.03921568627450989,0.18918847285141285,OK,D,DEMOTE_1,C,GOBLIN,below_current_tier_gates,
NBA,NBA,GOBLIN,D,OVER,3-PT Made,688,0.5959302325581395,0.6134,487,0.6344969199178645,0.038566687359725016,0.13284986286388492,OK,C,PROMOTE_1,C,GOBLIN,meets_higher_tier_gates,
NHL,NHL,DEMON,D,OVER,Goals,863,0.15874855156431056,0.1,325,0.19692307692307692,0.038174525358766365,0.15584213987066267,OK,D,DEMON_KEEP,D,DEMON_KEEP,demon_floor_watchlist,WATCHLIST
NBA,NBA,STANDARD,D,UNDER,Rebounds,290,0.5310344827586206,0.47804,174,0.5689655172413793,0.037931034482758696,0.08388811540942398,OK,D,HOLD,D,STANDARD_UNDER,at_target,
CBB,CBB,GOBLIN,C,OVER,fg3m,160,0.5875,0.905878747374614,80,0.625,0.03749999999999998,0.17883000430365853,OK,D,DEMOTE_1,D,GOBLIN,below_current_tier_gates,
NBA,NBA,GOBLIN,D,OVER,Rebs+Asts,2344,0.6117747440273038,0.9084086470781334,703,0.647226173541963,0.03545142951465918,0.1627986810765792,OK,C,PROMOTE_1,C,GOBLIN,meets_higher_tier_gates,
NHL,NHL,DEMON,D,OVER,Points,1146,0.2111692844677138,0.1,488,0.2459016393442623,0.034732354876548494,0.14417362059062538,OK,D,DEMON_KEEP,D,DEMON_KEEP,demon_floor_watchlist,WATCHLIST
MLB,MLB,DEMON,B,OVER,Total Bases,934,0.14132762312633834,0.0838,551,0.17604355716878403,0.03471593404244569,0.1981492198060602,OK,B,DEMON_KEEP,B,DEMON_KEEP,demon_floor_confident,APPLY_FLOOR
CBB,CBB,STANDARD,D,OVER,pr,178,0.398876404494382,0.5880681872367859,90,0.43333333333333335,0.03445692883895135,0.31710768609766593,OK,D,HOLD,D,STANDARD_OVER,at_target,
NBA,NBA,STANDARD,D,UNDER,3-PT Attempted,136,0.49264705882352944,0.4435,95,0.5263157894736842,0.03366873065015474,0.08616729029303975,OK,D,HOLD,D,STANDARD_UNDER,at_target,
NBA,NBA,GOBLIN,D,OVER,Turnovers,410,0.5829268292682926,0.67305,205,0.6146341463414634,0.03170731707317076,0.1650538962397347,OK,D,HOLD,D,GOBLIN,at_target,
NBA,NBA,GOBLIN,C,OVER,Pts+Rebs,881,0.6935300794551645,0.9110772429021696,265,0.7245283018867924,0.030998222431627864,0.1664413272122509,OK,C,HOLD,C,GOBLIN,at_target,
NBA,NBA,STANDARD,D,OVER,Free Throws Attempted,207,0.5555555555555556,0.6637,104,0.5865384615384616,0.030982905982905984,0.2018162678894721,OK,D,HOLD,D,STANDARD_OVER,at_target,
NBA,NBA,GOBLIN,C,OVER,Pts+Rebs+Asts,980,0.6469387755102041,0.9108,298,0.6778523489932886,0.030913573483084544,0.1758573188594561,OK,C,HOLD,C,GOBLIN,at_target,
NBA,NBA,GOBLIN,D,OVER,Assists,1080,0.6083333333333333,0.7391070070703891,432,0.6388888888888888,0.030555555555555558,0.12637623568990117,OK,C,PROMOTE_1,C,GOBLIN,meets_higher_tier_gates,
NBA,NBA,GOBLIN,D,OVER,Pts+Rebs+Asts,2731,0.6213841083852069,0.9078,823,0.6512758201701093,0.029891711784902464,0.1758573188594561,OK,C,PROMOTE_1,C,GOBLIN,meets_higher_tier_gates,
NBA,NBA,GOBLIN,C,OVER,Rebs+Asts,687,0.6710334788937409,0.9108,213,0.6995305164319249,0.028497037538184,0.1627986810765792,OK,C,HOLD,C,GOBLIN,at_target,
NBA,NBA,GOBLIN,C,OVER,Steals,252,0.6031746031746031,0.81142,76,0.631578947368421,0.028404344193817876,0.16144033747504558,OK,D,DEMOTE_1,D,GOBLIN,below_current_tier_gates,
NBA,NBA,GOBLIN,B,OVER,Pts+Asts,344,0.7238372093023255,0.7098,278,0.7517985611510791,0.02796135184875359,0.14973533935536873,OK,C,DEMOTE_1,C,GOBLIN,below_current_tier_gates,
NBA,NBA,DEMON,D,OVER,Pts+Rebs,669,0.35874439461883406,,669,0.35874439461883406,0.0,0.34049783756353336,HOLDOUT_RECALIBRATE,D,DEMON_KEEP,D,DEMON_KEEP,demon_no_retier_holdout,HOLDOUT
NBA,NBA,GOBLIN,D,OVER,Rebounds,1464,0.6263661202185792,0.9066008414730367,439,0.6537585421412301,0.0273924219226509,0.14773393708015664,OK,C,PROMOTE_1,C,GOBLIN,meets_higher_tier_gates,
NBA,NBA,STANDARD,D,UNDER,FG Made,169,0.4319526627218935,0.3845013324091014,135,0.45925925925925926,0.02730659653736578,0.14260867311066874,OK,D,HOLD,D,STANDARD_UNDER,at_target,
NBA,NBA,STANDARD,D,UNDER,Pts+Asts,519,0.49903660886319845,0.41568,363,0.5261707988980716,0.027134190034873162,0.08851622773563497,OK,D,HOLD,D,STANDARD_UNDER,at_target,
NBA,NBA,STANDARD,D,OVER,Pts+Rebs+Asts,1186,0.4873524451939292,0.8988,475,0.5136842105263157,0.02633176533238657,0.28924825589494996,OK,D,HOLD,D,STANDARD_OVER,at_target,
MLB,MLB,DEMON,D,OVER,Walks,5598,0.2840300107181136,0.2057,1836,0.3099128540305011,0.025882843312387493,0.1837089447002717,OK,D,DEMON_KEEP,D,DEMON_KEEP,demon_floor_confident,APPLY_FLOOR
MLB,MLB,GOBLIN,C,OVER,Hits,209,0.6124401913875598,0.40225999999999995,146,0.636986301369863,0.02454610998230322,0.17785441532151838,OK,D,DEMOTE_1,D,GOBLIN,below_current_tier_gates,
CBB,CBB,GOBLIN,C,OVER,stl,249,0.606425702811245,0.9058872380914875,149,0.6308724832214765,0.024446780410231517,0.21499952861624633,OK,D,DEMOTE_1,D,GOBLIN,below_current_tier_gates,
Soccer,Soccer,DEMON,A,OVER,Shots,264,0.17045454545454544,0.1,77,0.19480519480519481,0.024350649350649373,0.058094007570717476,OK,A,DEMON_KEEP,A,DEMON_KEEP,demon_floor_thin_sample,HOLD
NBA,NBA,GOBLIN,B,OVER,Assists,427,0.7142857142857143,0.9108,176,0.7386363636363636,0.024350649350649345,0.12637623568990117,OK,D,DEMOTE_1,C,GOBLIN,below_current_tier_gates,
NBA,NBA,STANDARD,D,UNDER,Points,525,0.52,0.50598,158,0.5443037974683544,0.024303797468354427,0.08590404918862102,OK,D,HOLD,D,STANDARD_UNDER,at_target,
NBA,NBA,GOBLIN,D,OVER,Blks+Stls,514,0.5603112840466926,0.786339244705437,154,0.5844155844155844,0.024104300368891773,0.16624200433723052,OK,D,HOLD,D,GOBLIN,at_target,
NBA,NBA,DEMON,D,OVER,Pts+Asts,595,0.35126050420168065,,595,0.35126050420168065,0.0,0.3081909914871619,HOLDOUT_RECALIBRATE,D,DEMON_KEEP,D,DEMON_KEEP,demon_no_retier_holdout,HOLDOUT
NBA1Q,NBA1Q,GOBLIN,A,OVER,Rebounds,467,0.9721627408993576,0.9155,201,0.9950248756218906,0.022862134722532956,0.06859022943981254,OK,C,DEMOTE_1,B,GOBLIN,below_current_tier_gates,
MLB,MLB,DEMON,D,OVER,Hitter Strikeouts,3127,0.21010553245922609,0.1109,2321,0.23265833692373977,0.022552804464513687,0.0738373392047281,OK,D,DEMON_KEEP,D,DEMON_KEEP,demon_floor_confident,APPLY_FLOOR
NBA,NBA,GOBLIN,C,OVER,Fantasy Score,259,0.7876447876447876,0.7214,200,0.81,0.022355212355212428,0.11697980454343875,OK,C,HOLD,C,GOBLIN,at_target,
NBA,NBA,STANDARD,D,OVER,Pts+Rebs,1122,0.48841354723707664,0.90377,337,0.5103857566765578,0.021972209439481194,0.2749863989622314,OK,D,HOLD,D,STANDARD_OVER,at_target,
NBA,NBA,STANDARD,D,OVER,Rebs+Asts,744,0.4798387096774194,0.9002,301,0.5016611295681063,0.021822419890686895,0.275326804473794,OK,D,HOLD,D,STANDARD_OVER,at_target,
NBA,NBA,STANDARD,D,UNDER,Rebs+Asts,354,0.4943502824858757,0.4301131756130401,248,0.5161290322580645,0.0217787497721888,0.07652464850383937,OK,D,HOLD,D,STANDARD_UNDER,at_target,
NBA,NBA,DEMON,D,OVER,Double-Double,480,0.16041666666666668,,480,0.16041666666666668,0.0,0.5728030921161197,HOLDOUT_RECALIBRATE,D,DEMON_KEEP,D,DEMON_KEEP,demon_no_retier_holdout,HOLDOUT
CBB,CBB,STANDARD,D,OVER,ra,149,0.4697986577181208,0.6370214046090416,45,0.4888888888888889,0.01909023117076808,0.2946880958614721,OK,D,HOLD,D,STANDARD_OVER,at_target,
NBA,NBA,STANDARD,D,OVER,FG Attempted,390,0.49743589743589745,0.5093,248,0.5161290322580645,0.018693134822167057,0.21767250379204506,OK,D,HOLD,D,STANDARD_OVER,at_target,
NBA,NBA,DEMON,D,OVER,Assists,550,0.4218181818181818,0.4098335501757999,330,0.4393939393939394,0.017575757575757578,0.21252843858471143,OK,D,DEMON_KEEP,D,DEMON_KEEP,demon_floor_watchlist,WATCHLIST
NBA,NBA,GOBLIN,C,OVER,Assists,538,0.6635687732342007,0.73676,323,0.6811145510835913,0.017545777849390598,0.12637623568990117,OK,C,HOLD,C,GOBLIN,at_target,
NBA,NBA,STANDARD,C,OVER,Pts+Rebs+Asts,147,0.46258503401360546,0.9024797655478846,75,0.48,0.017414965986394526,0.28924825589494996,OK,D,DEMOTE_1,D,STANDARD_OVER,below_current_tier_gates,
NHL,NHL,STANDARD,A,UNDER,Hits,222,0.49099099099099097,0.6676747162552201,179,0.5083798882681564,0.017388897277165416,0.15754151785629658,OK,D,DEMOTE_1,B,STANDARD_UNDER,below_current_tier_gates,
NBA,NBA,DEMON,D,OVER,Free Throws Made,163,0.4785276073619632,0.4444,101,0.49504950495049505,0.016521897588531842,0.25267845535301464,OK,D,DEMON_KEEP,D,DEMON_KEEP,demon_floor_thin_sample,HOLD
NBA,NBA,DEMON,D,OVER,FG Made,122,0.4262295081967213,0.50315,61,0.4426229508196721,0.016393442622950838,0.22602367837313536,OK,D,DEMON_KEEP,D,DEMON_KEEP,demon_floor_thin_sample,HOLD
MLB,MLB,STANDARD,D,OVER,Runs,142,0.38028169014084506,0.46,106,0.39622641509433965,0.015944724953494582,0.16010117586193712,OK,D,HOLD,D,STANDARD_OVER,at_target,
MLB,MLB,GOBLIN,A,OVER,Hits Allowed,127,0.6771653543307087,0.36286000000000007,114,0.6929824561403509,0.015817101809642242,0.2956783253073655,OK,D,DEMOTE_1,B,GOBLIN,below_current_tier_gates,
CBB,CBB,STANDARD,D,OVER,pra,169,0.46153846153846156,0.5880681872367859,88,0.4772727272727273,0.01573426573426573,0.32006038511808504,OK,D,HOLD,D,STANDARD_OVER,at_target,
MLB,MLB,DEMON,D,OVER,Hits,6486,0.1933395004625347,0.1295,2160,0.20879629629629629,0.015456795833761583,0.16013749493786245,OK,D,DEMON_KEEP,D,DEMON_KEEP,demon_floor_confident,APPLY_FLOOR
NBA,NBA,DEMON,D,OVER,Blocked Shots,432,0.3587962962962963,0.31218,345,0.3739130434782609,0.015116747181964596,0.20774442974095242,OK,D,DEMON_KEEP,D,DEMON_KEEP,demon_floor_watchlist,WATCHLIST
NBA,NBA,DEMON,D,OVER,Steals,268,0.417910447761194,0.5034987057028215,81,0.43209876543209874,0.014188317670904727,0.1774936548740012,OK,D,DEMON_KEEP,D,DEMON_KEEP,demon_floor_thin_sample,HOLD
NBA1H,NBA1H,STANDARD,C,OVER,Points,178,0.5280898876404494,0.89674,142,0.5422535211267606,0.014163633486311222,0.3516730392679648,OK,D,DEMOTE_1,D,STANDARD_OVER,below_current_tier_gates,
NBA,NBA,GOBLIN,B,OVER,3-PT Made,322,0.7204968944099379,0.9118,162,0.7345679012345679,0.014071006824630028,0.13284986286388492,OK,D,DEMOTE_1,C,GOBLIN,below_current_tier_gates,
MLB,MLB,STANDARD,A,OVER,Total Bases,151,0.5364238410596026,0.3877,129,0.5503875968992248,0.013963755839622172,0.17667841815912907,OK,D,DEMOTE_1,B,STANDARD_OVER,below_current_tier_gates,
NBA,NBA,GOBLIN,C,OVER,Pts+Asts,674,0.6824925816023739,0.9114,204,0.696078431372549,0.013585849770175074,0.14973533935536873,OK,C,HOLD,C,GOBLIN,at_target,
NBA,NBA,STANDARD,D,OVER,Rebounds,671,0.45901639344262296,0.6446608083074645,269,0.4721189591078067,0.013102565665183752,0.23863681551060667,OK,D,HOLD,D,STANDARD_OVER,at_target,
NBA1Q,NBA1Q,GOBLIN,A,OVER,Assists,231,0.987012987012987,0.8911,139,1.0,0.012987012987012991,0.10638625558203044,OK,D,DEMOTE_1,B,GOBLIN,below_current_tier_gates,
NBA,NBA,GOBLIN,D,OVER,Points,2466,0.6516626115166261,0.9063,992,0.6643145161290323,0.012651904612406173,0.15742149862061852,OK,C,PROMOTE_1,C,GOBLIN,meets_higher_tier_gates,
NBA,NBA,DEMON,D,OVER,Rebs+Asts,1221,0.3366093366093366,,1221,0.3366093366093366,0.0,0.2853105796116866,HOLDOUT_RECALIBRATE,D,DEMON_KEEP,D,DEMON_KEEP,demon_no_retier_holdout,HOLDOUT
MLB,MLB,GOBLIN,C,OVER,Hitter Strikeouts,143,0.6643356643356644,0.3857,105,0.6761904761904762,0.011854811854811853,0.13355216804707082,OK,D,DEMOTE_1,D,GOBLIN,below_current_tier_gates,
NBA,NBA,DEMON,D,OVER,Pts+Rebs+Asts,1411,0.3614457831325301,,1411,0.3614457831325301,0.0,0.370371635863863,HOLDOUT_RECALIBRATE,D,DEMON_KEEP,D,DEMON_KEEP,demon_no_retier_holdout,HOLDOUT
NBA,NBA,STANDARD,D,OVER,Two Pointers Made,184,0.5163043478260869,0.6183147500130167,74,0.527027027027027,0.010722679200940055,0.19791693757683534,OK,D,HOLD,D,STANDARD_OVER,at_target,
NBA,NBA,STANDARD,D,OVER,Free Throws Made,254,0.484251968503937,0.5093,186,0.4946236559139785,0.010371687410041519,0.23213123670966765,OK,D,HOLD,D,STANDARD_OVER,at_target,
NBA,NBA,STANDARD,D,OVER,Points,871,0.48220436280137774,0.9036703575417779,262,0.49236641221374045,0.010162049412362706,0.2729943904706523,OK,D,HOLD,D,STANDARD_OVER,at_target,
NBA,NBA,STANDARD,D,OVER,FG Made,306,0.49019607843137253,0.4809,246,0.5,0.009803921568627472,0.2015766349164493,OK,D,HOLD,D,STANDARD_OVER,at_target,
MLB,MLB,DEMON,B,OVER,Pitcher Strikeouts,248,0.13306451612903225,0.0838,217,0.14285714285714285,0.009792626728110598,0.23875283958973387,OK,B,DEMON_KEEP,B,DEMON_KEEP,demon_floor_thin_sample,HOLD
NBA,NBA,STANDARD,D,UNDER,Points (Combo),623,0.5232744783306581,0.3530617606510967,499,0.533066132264529,0.009791653933870936,0.13663576233135602,OK,D,HOLD,D,STANDARD_UNDER,at_target,
NBA,NBA,STANDARD,D,OVER,Assists,274,0.4635036496350365,0.5093,203,0.4729064039408867,0.009402754305850192,0.22371569019504092,OK,D,HOLD,D,STANDARD_OVER,at_target,
MLB,MLB,GOBLIN,D,OVER,Hits,1599,0.5647279549718575,0.3273,1413,0.5739561217268223,0.00922816675496485,0.17785441532151838,OK,D,HOLD,D,GOBLIN,at_target,
NBA1Q,NBA1Q,GOBLIN,A,OVER,Points,868,0.881336405529954,0.866,787,0.8894536213468869,0.008117215816932921,0.07925537540818771,OK,C,DEMOTE_1,B,GOBLIN,below_current_tier_gates,
NBA,NBA,GOBLIN,C,OVER,Rebounds,829,0.6501809408926418,0.7214,503,0.658051689860835,0.007870748968193175,0.14773393708015664,OK,C,HOLD,C,GOBLIN,at_target,
MLB,MLB,DEMON,D,OVER,Home Runs,5205,0.11604226705091258,0.1295,4031,0.12329446787397669,0.007252200823064103,0.17367243877471003,OK,D,DEMON_KEEP,D,DEMON_KEEP,demon_floor_confident,APPLY_FLOOR
NBA,NBA,STANDARD,D,UNDER,Assists (Combo),205,0.5902439024390244,0.4601,149,0.5973154362416108,0.007071533802586405,0.15434687920799145,OK,D,HOLD,D,STANDARD_UNDER,at_target,
MLB,MLB,GOBLIN,D,OVER,Hitter Strikeouts,299,0.5785953177257525,0.3286,287,0.5853658536585366,0.006770535932784094,0.13355216804707082,OK,D,HOLD,D,GOBLIN,at_target,
NBA,NBA,GOBLIN,B,OVER,Points,849,0.7173144876325088,0.9118,257,0.7237354085603113,0.006420920927802443,0.15742149862061852,OK,C,DEMOTE_1,C,GOBLIN,below_current_tier_gates,
NBA,NBA,DEMON,D,OVER,Free Throws Attempted,166,0.463855421686747,0.2751265170928541,149,0.4697986577181208,0.005943236031373811,0.2420133934604159,OK,D,DEMON_KEEP,D,DEMON_KEEP,demon_floor_thin_sample,HOLD
NBA,NBA,GOBLIN,C,OVER,3-PT Made,317,0.6435331230283912,0.59788,285,0.6491228070175439,0.005589683989152716,0.13284986286388492,OK,C,HOLD,C,GOBLIN,at_target,
NBA,NBA,DEMON,D,OVER,3-PT Made,483,0.3830227743271222,0.4312953449220819,242,0.3884297520661157,0.0054069777389935125,0.20881523368138172,OK,D,DEMON_KEEP,D,DEMON_KEEP,demon_floor_thin_sample,HOLD
MLB,MLB,GOBLIN,D,OVER,Total Bases,1142,0.5499124343257443,0.3162,1062,0.5546139359698682,0.004701501644123862,0.18242187740126026,OK,D,HOLD,D,GOBLIN,at_target,
NBA,NBA,STANDARD,D,UNDER,Pts+Rebs+Asts,522,0.4846743295019157,0.3562,419,0.4892601431980907,0.004585813696175001,0.08882462542242046,OK,D,HOLD,D,STANDARD_UNDER,at_target,
CBB,CBB,STANDARD,D,OVER,pa,174,0.45977011494252873,0.5274261832237244,140,0.4642857142857143,0.004515599343185572,0.3091755115847204,OK,D,HOLD,D,STANDARD_OVER,at_target,
MLB,MLB,GOBLIN,A,OVER,Hits,3000,0.6016666666666667,0.52,1502,0.6058588548601864,0.004192188193519741,0.17785441532151838,OK,D,DEMOTE_1,B,GOBLIN,below_current_tier_gates,
MLB,MLB,GOBLIN,B,OVER,Total Bases,507,0.6252465483234714,0.3857,483,0.629399585921325,0.0041530375978536815,0.18242187740126026,OK,C,DEMOTE_1,C,GOBLIN,below_current_tier_gates,
NBA1Q,NBA1Q,GOBLIN,D,OVER,Points,325,0.7292307692307692,0.79426,292,0.7328767123287672,0.003645943097997928,0.07925537540818771,OK,C,PROMOTE_1,C,GOBLIN,meets_higher_tier_gates,
Soccer,Soccer,DEMON,D,OVER,Fouls,201,0.12437810945273632,0.1,55,0.12727272727272726,0.0028946178199909384,0.09332409744420754,OK,D,DEMON_KEEP,D,DEMON_KEEP,demon_floor_thin_sample,HOLD
NBA,NBA,GOBLIN,A,OVER,Assists,471,0.7473460721868365,0.7098,400,0.75,0.002653927813163537,0.12637623568990117,OK,C,DEMOTE_1,B,GOBLIN,below_current_tier_gates,
NBA,NBA,DEMON,D,OVER,Rebounds,553,0.35804701627486435,0.3562,447,0.36017897091722595,0.0021319546423616,0.26584723914208597,OK,D,DEMON_KEEP,D,DEMON_KEEP,demon_floor_watchlist,WATCHLIST
NBA,NBA,DEMON,D,OVER,Points,649,0.3605546995377504,,649,0.3605546995377504,0.0,0.3109257110652878,HOLDOUT_RECALIBRATE,D,DEMON_KEEP,D,DEMON_KEEP,demon_no_retier_holdout,HOLDOUT
MLB,MLB,GOBLIN,A,OVER,Total Bases,3332,0.6008403361344538,0.52,1874,0.6024546424759872,0.001614306341533478,0.18242187740126026,OK,D,DEMOTE_1,B,GOBLIN,below_current_tier_gates,
NBA,NBA,STANDARD,D,UNDER,Pts+Rebs,629,0.5151033386327504,0.381,504,0.5158730158730159,0.0007696772402655538,0.10814972070934488,OK,D,HOLD,D,STANDARD_UNDER,at_target,
NBA,NBA,GOBLIN,D,OVER,Fantasy Score,492,0.725609756097561,0.55035,442,0.7262443438914027,0.0006345877938417344,0.11697980454343875,OK,C,PROMOTE_1,C,GOBLIN,meets_higher_tier_gates,
NHL,NHL,DEMON,C,OVER,Power Play Points,127,0.03937007874015748,,127,0.03937007874015748,0.0,0.5829615823791348,HOLDOUT_RECALIBRATE,C,DEMON_KEEP,C,DEMON_KEEP,demon_no_retier_holdout,HOLDOUT
MLB,MLB,DEMON,A,OVER,Hitter Strikeouts,322,0.10869565217391304,0.1295,321,0.10903426791277258,0.00033861573885954344,0.0738373392047281,OK,A,DEMON_KEEP,A,DEMON_KEEP,demon_floor_watchlist,WATCHLIST
MLB,MLB,DEMON,D,OVER,Stolen Bases,3169,0.10476491006626697,,3169,0.10476491006626697,0.0,0.1825246954300974,OK,D,DEMON_KEEP,D,DEMON_KEEP,demon_floor_watchlist,WATCHLIST
MLB,MLB,GOBLIN,A,OVER,Hitter Strikeouts,1480,0.6081081081081081,,1480,0.6081081081081081,0.0,0.13355216804707082,OK,D,DEMOTE_1,B,GOBLIN,below_current_tier_gates,
NHL,NHL,DEMON,D,OVER,Shots On Goal,1179,0.0,,1179,0.0,0.0,0.19906066684726698,OK,D,DEMON_KEEP,D,DEMON_KEEP,demon_floor_watchlist,WATCHLIST
Soccer,Soccer,DEMON,D,OVER,Shots,1054,0.08918406072106262,,1054,0.08918406072106262,0.0,0.058094007570717476,OK,D,DEMON_KEEP,D,DEMON_KEEP,demon_floor_watchlist,WATCHLIST
MLB,MLB,GOBLIN,B,OVER,Hits,552,0.6521739130434783,,552,0.6521739130434783,0.0,0.17785441532151838,OK,C,DEMOTE_1,C,GOBLIN,below_current_tier_gates,
Soccer,Soccer,DEMON,D,OVER,Goals,502,0.08964143426294821,,502,0.08964143426294821,0.0,0.052184897937479595,OK,D,DEMON_KEEP,D,DEMON_KEEP,demon_floor_watchlist,WATCHLIST
Soccer,Soccer,DEMON,D,OVER,Shots On Target,502,0.42231075697211157,,502,0.42231075697211157,0.0,0.41515740696229936,HOLDOUT_RECALIBRATE,D,DEMON_KEEP,D,DEMON_KEEP,demon_no_retier_holdout,HOLDOUT
Soccer,Soccer,DEMON,D,OVER,Assists,480,0.07083333333333333,,480,0.07083333333333333,0.0,0.022989958309199317,OK,D,DEMON_KEEP,D,DEMON_KEEP,demon_floor_watchlist,WATCHLIST
NHL,NHL,DEMON,D,OVER,Power Play Points,462,0.5346320346320347,,462,0.5346320346320347,0.0,0.5829615823791348,HOLDOUT_RECALIBRATE,D,DEMON_KEEP,D,DEMON_KEEP,demon_no_retier_holdout,HOLDOUT
MLB,MLB,GOBLIN,B,OVER,Hitter Strikeouts,450,0.5955555555555555,,450,0.5955555555555555,0.0,0.13355216804707082,OK,D,DEMOTE_1,C,GOBLIN,below_current_tier_gates,
MLB,MLB,GOBLIN,C,OVER,Total Bases,381,0.5905511811023622,,381,0.5905511811023622,0.0,0.18242187740126026,OK,D,DEMOTE_1,D,GOBLIN,below_current_tier_gates,
MLB,MLB,DEMON,A,OVER,Runs,359,0.1309192200557103,,359,0.1309192200557103,0.0,0.15734764662026152,OK,A,DEMON_KEEP,A,DEMON_KEEP,demon_floor_watchlist,WATCHLIST
MLB,MLB,DEMON,D,OVER,Pitcher Strikeouts,355,0.24507042253521127,,355,0.24507042253521127,0.0,0.23875283958973387,OK,D,DEMON_KEEP,D,DEMON_KEEP,demon_floor_watchlist,WATCHLIST
Soccer,Soccer,DEMON,A,OVER,Tackles,334,0.23053892215568864,,334,0.23053892215568864,0.0,0.2115873192217993,HOLDOUT_RECALIBRATE,A,DEMON_KEEP,A,DEMON_KEEP,demon_no_retier_holdout,HOLDOUT
NBA,NBA,GOBLIN,B,OVER,Steals,280,0.6214285714285714,,280,0.6214285714285714,0.0,0.16144033747504558,OK,C,DEMOTE_1,C,GOBLIN,below_current_tier_gates,
NHL,NHL,DEMON,D,OVER,Blocked Shots,260,0.2076923076923077,,260,0.2076923076923077,0.0,0.17220175479465932,OK,D,DEMON_KEEP,D,DEMON_KEEP,demon_floor_thin_sample,HOLD
MLB,MLB,DEMON,D,OVER,Walks Allowed,256,0.26953125,,256,0.26953125,0.0,0.28018823432150636,OK,D,DEMON_KEEP,D,DEMON_KEEP,demon_floor_thin_sample,HOLD
NBA,NBA,STANDARD,D,OVER,Two Pointers Attempted,256,0.5546875,,256,0.5546875,0.0,0.2380875071278425,OK,D,HOLD,D,STANDARD_OVER,at_target,
NHL,NHL,GOBLIN,A,OVER,Shots On Goal,250,0.0,,250,0.0,0.0,0.39326391755725965,OK,D,DEMOTE_1,B,GOBLIN,below_current_tier_gates,
NBA,NBA,STANDARD,D,OVER,Turnovers,246,0.483739837398374,,246,0.483739837398374,0.0,0.22063246439499345,OK,D,HOLD,D,STANDARD_OVER,at_target,
MLB,MLB,DEMON,A,OVER,Hits,227,0.1013215859030837,,227,0.1013215859030837,0.0,0.16013749493786245,OK,A,DEMON_KEEP,A,DEMON_KEEP,demon_floor_thin_sample,HOLD
MLB,MLB,STANDARD,D,OVER,Total Bases,225,0.41333333333333333,,225,0.41333333333333333,0.0,0.17667841815912907,OK,D,HOLD,D,STANDARD_OVER,at_target,
CBB,CBB,STANDARD,D,OVER,pts,208,0.4567307692307692,,208,0.4567307692307692,0.0,0.33775747154373137,OK,D,HOLD,D,STANDARD_OVER,at_target,
NBA,NBA,DEMON,D,OVER,Turnovers,207,0.43478260869565216,,207,0.43478260869565216,0.0,0.21421888708893244,OK,D,DEMON_KEEP,D,DEMON_KEEP,demon_floor_thin_sample,HOLD
NBA,NBA,STANDARD,D,OVER,3-PT Attempted,199,0.5125628140703518,,199,0.5125628140703518,0.0,0.1843788844524378,OK,D,HOLD,D,STANDARD_OVER,at_target,
NHL,NHL,DEMON,C,OVER,Goals,193,0.21243523316062177,,193,0.21243523316062177,0.0,0.15584213987066267,OK,C,DEMON_KEEP,C,DEMON_KEEP,demon_floor_thin_sample,HOLD
NBA,NBA,GOBLIN,D,OVER,3-PT Attempted,168,0.5178571428571429,,168,0.5178571428571429,0.0,0.2639019907160603,OK,D,HOLD,D,GOBLIN,at_target,
MLB,MLB,GOBLIN,D,OVER,Pitcher Strikeouts,162,0.654320987654321,,162,0.654320987654321,0.0,0.23168180581028808,OK,D,HOLD,D,GOBLIN,at_target,
NBA,NBA,GOBLIN,C,OVER,Blks+Stls,158,0.6392405063291139,,158,0.6392405063291139,0.0,0.16624200433723052,OK,D,DEMOTE_1,D,GOBLIN,below_current_tier_gates,
Soccer,Soccer,DEMON,B,OVER,Tackles,152,0.21710526315789475,,152,0.21710526315789475,0.0,0.2115873192217993,HOLDOUT_RECALIBRATE,B,DEMON_KEEP,B,DEMON_KEEP,demon_no_retier_holdout,HOLDOUT
NBA,NBA,STANDARD,D,OVER,Personal Fouls,145,0.4827586206896552,,145,0.4827586206896552,0.0,0.2692009319804926,OK,D,HOLD,D,STANDARD_OVER,at_target,
NHL,NHL,GOBLIN,C,OVER,Shots On Goal,142,0.0,,142,0.0,0.0,0.39326391755725965,OK,D,DEMOTE_1,D,GOBLIN,below_current_tier_gates,
NBA,NBA,STANDARD,C,OVER,Pts+Asts,138,0.47101449275362317,,138,0.47101449275362317,0.0,0.27498246621227956,OK,D,DEMOTE_1,D,STANDARD_OVER,below_current_tier_gates,
NBA,NBA,STANDARD,D,UNDER,Defensive Rebounds,136,0.5441176470588235,,136,0.5441176470588235,0.0,0.16095876808304405,OK,D,HOLD,D,STANDARD_UNDER,at_target,
Soccer,Soccer,DEMON,A,OVER,Goal + Assist,135,0.06666666666666667,,135,0.06666666666666667,0.0,0.06465539339528488,OK,A,DEMON_KEEP,A,DEMON_KEEP,demon_floor_thin_sample,HOLD
MLB,MLB,DEMON,A,OVER,Walks,129,0.18604651162790697,,129,0.18604651162790697,0.0,0.1837089447002717,OK,A,DEMON_KEEP,A,DEMON_KEEP,demon_floor_thin_sample,HOLD
NBA,NBA,STANDARD,D,UNDER,Offensive Rebounds,128,0.5703125,,128,0.5703125,0.0,0.2294225342356558,OK,D,HOLD,D,STANDARD_UNDER,at_target,
CBB,CBB,GOBLIN,D,OVER,pts,127,0.6377952755905512,,127,0.6377952755905512,0.0,0.20839478602179606,OK,D,HOLD,D,GOBLIN,at_target,
NBA,NBA,DEMON,D,OVER,3-PT Attempted,122,0.5,,122,0.5,0.0,0.29914978692194377,OK,D,DEMON_KEEP,D,DEMON_KEEP,demon_floor_thin_sample,HOLD
