team,n_teams,overall_rank,pass_rank,pass_tier,rush_rank,rush_tier,points_rank,points_tier,def_pass_ypg_allowed,def_rush_ypg_allowed,def_points_allowed_pg,team_id,team_name,season
ARMY,122,33,32,HARD_MID,70,MID,33,HARD_MID,183.0,153.154,22.077,349,Army Black Knights,2025
CLT,122,121,117,EASY,114,EASY,121,EASY,263.16666,200.25,39.0,2429,Charlotte 49ers,2025
ECU,122,22,80,EASY_MID,25,HARD_MID,22,HARD,214.3077,120.231,20.231,151,East Carolina Pirates,2025
FAU,122,116,89,EASY_MID,115,EASY,116,EASY,220.75,201.333,36.333,2226,Florida Atlantic Owls,2025
MEM,122,42,75,EASY_MID,41,HARD_MID,42,HARD_MID,212.76923,132.077,23.154,235,Memphis Tigers,2025
NAVY,122,58,85,EASY_MID,52,MID,58,MID,215.92308,141.308,25.0,2426,Navy Midshipmen,2025
RICE,122,106,99,EASY,83,EASY_MID,106,EASY,227.3077,163.692,32.923,242,Rice Owls,2025
TEM,122,86,39,HARD_MID,112,EASY,86,EASY_MID,190.0,197.333,29.667,218,Temple Owls,2025
TLSA,122,80,54,MID,103,EASY,80,EASY_MID,201.08333,182.417,28.917,202,Tulsa Golden Hurricane,2025
TULN,122,52,111,EASY,28,HARD_MID,52,MID,242.64285,122.571,23.929,2655,Tulane Green Wave,2025
UAB,122,119,93,EASY_MID,109,EASY,119,EASY,224.66667,191.083,38.25,5,UAB Blazers,2025
UNT,122,63,12,HARD,119,EASY,63,MID,155.78572,215.714,26.5,249,North Texas Mean Green,2025
USF,122,45,94,EASY_MID,58,MID,45,HARD_MID,225.07692,143.692,23.385,58,South Florida Bulls,2025
UTSA,122,97,65,MID,67,MID,97,EASY_MID,210.0,149.615,31.308,2636,UTSA Roadrunners,2025
BC,122,105,114,EASY,96,EASY_MID,105,EASY,246.91667,177.583,32.75,103,Boston College Eagles,2025
CAL,122,72,47,HARD_MID,75,EASY_MID,72,MID,194.15384,156.615,27.308,25,California Golden Bears,2025
CLEM,122,26,106,EASY,15,HARD,26,HARD_MID,235.46153,105.462,20.692,228,Clemson Tigers,2025
DUKE,122,84,121,EASY,64,MID,84,EASY_MID,265.85715,147.429,29.429,150,Duke Blue Devils,2025
FSU,122,32,26,HARD_MID,50,MID,32,HARD_MID,173.25,138.083,22.0,52,Florida State Seminoles,2025
GT,122,59,92,EASY_MID,85,EASY_MID,59,MID,221.61539,164.0,25.077,59,Georgia Tech Yellow Jackets,2025
LOU,122,46,24,HARD,22,HARD,46,HARD_MID,172.53847,114.308,23.462,97,Louisville Cardinals,2025
MIA,122,5,29,HARD_MID,5,HARD,5,HARD,181.3125,89.25,14.813,2390,Miami Hurricanes,2025
NCSU,122,85,118,EASY,51,MID,85,EASY_MID,263.3846,138.769,29.615,152,NC State Wolfpack,2025
PITT,122,55,79,EASY_MID,7,HARD,55,MID,214.23077,95.077,24.615,221,Pittsburgh Panthers,2025
SMU,122,24,119,EASY,18,HARD,24,HARD,265.30768,111.923,20.538,2567,SMU Mustangs,2025
STAN,122,101,122,EASY,24,HARD,101,EASY,274.33334,119.25,32.0,24,Stanford Cardinal,2025
SYR,122,114,109,EASY,91,EASY_MID,114,EASY,241.66667,174.917,34.917,183,Syracuse Orange,2025
UNC,122,57,41,HARD_MID,34,HARD_MID,57,MID,191.66667,125.667,24.667,153,North Carolina Tar Heels,2025
UVA,122,17,28,HARD_MID,21,HARD,17,HARD,180.5,113.929,19.643,258,Virginia Cavaliers,2025
VT,122,90,71,MID,71,MID,90,EASY_MID,211.83333,153.25,30.167,259,Virginia Tech Hokies,2025
WAKE,122,31,43,HARD_MID,27,HARD_MID,31,HARD_MID,192.84616,121.615,21.923,154,Wake Forest Demon Deacons,2025
ARIZ,122,16,10,HARD,56,MID,16,HARD,155.07692,143.231,19.308,12,Arizona Wildcats,2025
ASU,122,55,82,EASY_MID,30,HARD_MID,55,MID,214.76923,124.0,24.615,9,Arizona State Sun Devils,2025
BAY,122,122,37,HARD_MID,111,EASY,122,EASY,189.33333,197.167,41.417,239,Baylor Bears,2025
BYU,122,14,45,HARD_MID,29,HARD_MID,14,HARD,193.35715,122.714,19.143,252,BYU Cougars,2025
CIN,122,112,69,MID,97,EASY_MID,112,EASY,211.38461,178.769,33.615,2132,Cincinnati Bearcats,2025
COLO,122,107,50,MID,121,EASY,107,EASY,196.75,222.5,33.167,38,Colorado Buffaloes,2025
HOU,122,36,59,MID,37,HARD_MID,36,HARD_MID,205.38461,129.0,22.846,248,Houston Cougars,2025
ISU,122,21,70,MID,49,MID,21,HARD,211.66667,138.0,20.167,66,Iowa State Cyclones,2025
KSU,122,63,57,MID,84,EASY_MID,63,MID,204.83333,163.75,26.5,2306,Kansas State Wildcats,2025
KU,122,82,55,MID,90,EASY_MID,82,EASY_MID,202.08333,173.083,29.417,2305,Kansas Jayhawks,2025
OKST,122,110,110,EASY,87,EASY_MID,110,EASY,242.58333,165.917,33.5,197,Oklahoma State Cowboys,2025
TCU,122,60,105,EASY,42,HARD_MID,60,MID,234.53847,133.077,25.308,2628,TCU Horned Frogs,2025
TTU,122,4,21,HARD,1,HARD,4,HARD,168.64285,68.143,14.071,2641,Texas Tech Red Raiders,2025
UCF,122,50,23,HARD,68,MID,50,MID,172.08333,150.667,23.583,2116,UCF Knights,2025
UTAH,122,12,14,HARD,100,EASY,12,HARD,158.46153,181.154,18.923,254,Utah Utes,2025
WVU,122,93,115,EASY,59,MID,93,EASY_MID,249.91667,143.75,30.833,277,West Virginia Mountaineers,2025
ILL,122,51,61,MID,35,HARD_MID,51,MID,205.76923,126.692,23.615,356,Illinois Fighting Illini,2025
IOWA,122,10,15,HARD,16,HARD,10,HARD,158.53847,107.692,18.077,2294,Iowa Hawkeyes,2025
IU,122,2,22,HARD,2,HARD,2,HARD,170.75,77.188,11.688,84,Indiana Hoosiers,2025
MD,122,63,66,MID,93,EASY_MID,63,MID,211.08333,175.583,26.5,120,Maryland Terrapins,2025
MICH,122,23,44,HARD_MID,18,HARD,23,HARD,193.0,111.923,20.385,130,Michigan Wolverines,2025
MINN,122,40,36,HARD_MID,26,HARD_MID,40,HARD_MID,189.07692,121.077,22.923,135,Minnesota Golden Gophers,2025
MSU,122,89,88,EASY_MID,63,MID,89,EASY_MID,220.58333,147.333,29.917,127,Michigan State Spartans,2025
NEB,122,71,3,HARD,92,EASY_MID,71,MID,141.07692,175.385,27.077,158,Nebraska Cornhuskers,2025
NU,122,19,31,HARD_MID,47,HARD_MID,19,HARD,182.07692,136.308,19.846,77,Northwestern Wildcats,2025
ORE,122,8,5,HARD,23,HARD,8,HARD,144.8,115.733,17.867,2483,Oregon Ducks,2025
OSU,122,1,1,HARD,6,HARD,1,HARD,113.35714,89.357,9.286,194,Ohio State Buckeyes,2025
PSU,122,24,20,HARD,54,MID,24,HARD,168.0,142.538,20.538,213,Penn State Nittany Lions,2025
PUR,122,99,102,EASY,102,EASY,99,EASY,229.25,181.833,31.833,2509,Purdue Boilermakers,2025
RUTG,122,99,86,EASY_MID,118,EASY,99,EASY,217.41667,209.917,31.833,164,Rutgers Scarlet Knights,2025
UCLA,122,109,39,HARD_MID,108,EASY,109,EASY,190.0,190.417,33.417,26,UCLA Bruins,2025
USC,122,41,42,HARD_MID,56,MID,41,HARD_MID,191.84616,143.231,23.0,30,USC Trojans,2025
WASH,122,11,53,MID,10,HARD,11,HARD,199.46153,100.077,18.692,264,Washington Huskies,2025
WIS,122,29,52,MID,14,HARD,29,HARD_MID,199.25,105.25,21.583,275,Wisconsin Badgers,2025
DEL,122,96,104,EASY,80,EASY_MID,96,EASY_MID,232.3077,159.692,31.0,48,Delaware Blue Hens,2025
FIU,122,88,107,EASY,81,EASY_MID,88,EASY_MID,235.53847,161.615,29.846,2229,Florida International Panthers,2025
JVST,122,77,91,EASY_MID,61,MID,77,EASY_MID,221.35715,144.286,27.643,55,Jacksonville State Gamecocks,2025
KENN,122,61,62,MID,105,EASY,61,MID,206.92857,184.571,25.5,338,Kennesaw State Owls,2025
LIB,122,63,34,HARD_MID,99,EASY,63,MID,188.41667,179.083,26.5,2335,Liberty Flames,2025
LT,122,81,101,EASY,46,HARD_MID,81,EASY_MID,228.23077,134.538,29.385,2348,Louisiana Tech Bulldogs,2025
MOST,122,79,87,EASY_MID,72,MID,79,EASY_MID,217.76923,153.308,28.769,2623,Missouri State Bears,2025
MTSU,122,95,112,EASY,55,MID,95,EASY_MID,243.5,143.083,30.917,2393,Middle Tennessee Blue Raiders,2025
NMSU,122,76,98,EASY,86,EASY_MID,76,EASY_MID,227.25,165.0,27.583,166,New Mexico State Aggies,2025
SHSU,122,118,120,EASY,117,EASY,118,EASY,265.41666,207.583,37.833,2534,Sam Houston Bearkats,2025
UTEP,122,108,60,MID,89,EASY_MID,108,EASY,205.58333,169.5,33.25,2638,UTEP Miners,2025
WKU,122,36,73,MID,94,EASY_MID,36,HARD_MID,212.38461,176.538,22.846,98,Western Kentucky Hilltoppers,2025
CONN,122,115,51,MID,113,EASY,115,EASY,198.3077,199.538,35.462,41,UConn Huskies,2025
ND,122,68,46,HARD_MID,11,HARD,68,MID,194.08333,100.083,26.75,87,Notre Dame Fighting Irish,2025
AKR,122,73,81,EASY_MID,74,EASY_MID,73,MID,214.41667,155.25,27.417,2006,Akron Zips,2025
BALL,122,87,84,EASY_MID,98,EASY,87,EASY_MID,215.16667,178.833,29.833,2050,Ball State Cardinals,2025
BGSU,122,69,38,HARD_MID,53,MID,69,MID,189.5,141.417,26.917,189,Bowling Green Falcons,2025
BUFF,122,48,19,HARD,76,EASY_MID,48,HARD_MID,165.5,157.167,23.5,2084,Buffalo Bulls,2025
CMU,122,49,48,HARD_MID,62,MID,49,MID,195.6923,145.692,23.538,2117,Central Michigan Chippewas,2025
EMU,122,103,27,HARD_MID,122,EASY,103,EASY,175.5,232.083,32.417,2199,Eastern Michigan Eagles,2025
KENT,122,111,90,EASY_MID,110,EASY,111,EASY,221.25,191.417,33.583,2309,Kent State Golden Flashes,2025
M-OH,122,30,30,HARD_MID,45,HARD_MID,30,HARD_MID,181.92857,134.286,21.714,193,Miami (OH) RedHawks,2025
MASS,122,120,58,MID,120,EASY,120,EASY,205.16667,221.333,38.583,113,Massachusetts Minutemen,2025
NIU,122,70,18,HARD,104,EASY,70,MID,165.33333,183.333,27.0,2459,Northern Illinois Huskies,2025
OHIO,122,54,49,MID,60,MID,54,MID,196.53847,144.0,24.385,195,Ohio Bobcats,2025
TOL,122,3,2,HARD,8,HARD,3,HARD,137.38461,96.308,13.308,2649,Toledo Rockets,2025
WMU,122,18,13,HARD,33,HARD_MID,18,HARD,156.57143,125.571,19.786,2711,Western Michigan Broncos,2025
AFA,122,92,116,EASY,79,EASY_MID,92,EASY_MID,257.91666,158.5,30.333,2005,Air Force Falcons,2025
BOIS,122,102,16,HARD,82,EASY_MID,102,EASY,163.07143,162.071,32.071,68,Boise State Broncos,2025
CSU,122,93,76,EASY_MID,116,EASY,93,EASY_MID,213.0,204.917,30.833,36,Colorado State Rams,2025
FRES,122,28,4,HARD,40,HARD_MID,28,HARD_MID,142.07692,131.923,21.231,278,Fresno State Bulldogs,2025
HAW,122,53,68,MID,43,HARD_MID,53,MID,211.23077,133.846,24.231,62,Hawai'i Rainbow Warriors,2025
NEV,122,75,64,MID,66,MID,75,EASY_MID,209.83333,149.583,27.5,2440,Nevada Wolf Pack,2025
SDSU,122,6,6,HARD,38,HARD_MID,6,HARD,145.61539,129.538,15.385,21,San Diego State Aztecs,2025
SJSU,122,104,108,EASY,78,EASY_MID,104,EASY,237.66667,157.917,32.5,23,San José State Spartans,2025
UNLV,122,78,100,EASY,95,EASY_MID,78,EASY_MID,227.78572,177.429,28.0,2439,UNLV Rebels,2025
UNM,122,34,73,MID,20,HARD,34,HARD_MID,212.38461,112.769,22.308,167,New Mexico Lobos,2025
USU,122,117,113,EASY,101,EASY,117,EASY,244.15384,181.231,37.308,328,Utah State Aggies,2025
WYO,122,43,17,HARD,88,EASY_MID,43,HARD_MID,164.41667,168.75,23.167,2751,Wyoming Cowboys,2025
ORST,122,82,77,EASY_MID,77,EASY_MID,82,EASY_MID,213.66667,157.417,29.417,204,Oregon State Beavers,2025
WSU,122,36,11,HARD,32,HARD_MID,36,HARD_MID,155.6923,125.154,22.846,265,Washington State Cougars,2025
ALA,122,15,9,HARD,36,HARD_MID,15,HARD,154.13333,126.867,19.2,333,Alabama Crimson Tide,2025
ARK,122,113,97,EASY_MID,106,EASY,113,EASY,226.66667,185.917,33.833,8,Arkansas Razorbacks,2025
AUB,122,44,78,EASY_MID,9,HARD,44,HARD_MID,214.16667,99.333,23.333,2,Auburn Tigers,2025
FLA,122,67,67,MID,73,MID,67,MID,211.16667,153.917,26.667,57,Florida Gators,2025
LSU,122,19,35,HARD_MID,31,HARD_MID,19,HARD,188.53847,124.077,19.846,99,LSU Tigers,2025
MISS,122,27,33,HARD_MID,65,MID,27,HARD_MID,185.26666,149.067,21.2,145,Ole Miss Rebels,2025
MIZ,122,13,8,HARD,12,HARD,13,HARD,153.15384,103.846,19.077,142,Missouri Tigers,2025
MSST,122,91,72,MID,107,EASY,91,EASY_MID,212.3077,186.308,30.231,344,Mississippi State Bulldogs,2025
OU,122,9,25,HARD_MID,3,HARD,9,HARD,172.92308,77.308,17.923,201,Oklahoma Sooners,2025
SC,122,73,56,MID,48,HARD_MID,73,MID,204.08333,136.667,27.417,2579,South Carolina Gamecocks,2025
TA&M,122,46,7,HARD,39,HARD_MID,46,HARD_MID,151.46153,130.769,23.462,245,Texas A&M Aggies,2025
TENN,122,97,96,EASY_MID,69,MID,97,EASY_MID,226.38461,152.385,31.308,2633,Tennessee Volunteers,2025
TEX,122,35,83,EASY_MID,13,HARD,35,HARD_MID,215.07692,103.923,22.769,251,Texas Longhorns,2025
UGA,122,7,63,MID,4,HARD,7,HARD,207.21428,81.5,17.429,61,Georgia Bulldogs,2025
UK,122,62,95,EASY_MID,44,HARD_MID,62,MID,225.16667,134.25,26.417,96,Kentucky Wildcats,2025
VAN,122,36,103,EASY,17,HARD,36,HARD_MID,230.92308,108.077,22.846,238,Vanderbilt Commodores,2025
