game_date,event_id,ESPN_ATHLETE_ID,PLAYER_NAME,PLAYER_NORM,TEAM,MIN,PTS,REB,AST,STL,BLK,TO,FGM,FGA,FG3M,FG3A,FG2M,FG2A,FTM,FTA,SEASON
2026-05-08,401856890,4433635,Diamond Miller,diamond miller,CON,13.0,13,1,0,1,0,1,5.0,10.0,1.0,3.0,4.0,7.0,2.0,3.0,2026
2026-05-08,401856890,4684384,Aneesah Morrow,aneesah morrow,CON,13.0,6,2,0,0,0,3,3.0,8.0,0.0,3.0,3.0,5.0,0.0,0.0,2026
2026-05-08,401856890,2490553,Brittney Griner,brittney griner,CON,18.0,9,3,2,0,0,2,4.0,6.0,0.0,0.0,4.0,6.0,1.0,1.0,2026
2026-05-08,401856890,3922628,Kennedy Burke,kennedy burke,CON,16.0,4,2,2,0,1,0,2.0,5.0,0.0,1.0,2.0,4.0,0.0,0.0,2026
2026-05-08,401856890,4433514,Saniya Rivers,saniya rivers,CON,16.0,3,1,5,0,0,1,1.0,3.0,0.0,0.0,1.0,3.0,1.0,2.0,2026
2026-05-08,401856890,5105732,Raegan Beers,raegan beers,CON,4.0,0,1,0,0,0,0,0.0,1.0,0.0,0.0,0.0,1.0,0.0,0.0,2026
2026-05-08,401856890,4398966,Olivia Nelson-Ododa,olivia nelson ododa,CON,6.0,1,2,1,0,0,0,0.0,1.0,0.0,0.0,0.0,1.0,1.0,2.0,2026
2026-05-08,401856890,4433412,Hailey Van Lith,hailey van lith,CON,9.0,5,1,3,1,0,1,2.0,3.0,1.0,1.0,1.0,2.0,0.0,0.0,2026
2026-05-08,401856890,4703609,Charlisse Leger-Walker,charlisse leger walker,CON,9.0,2,0,1,0,0,0,1.0,5.0,0.0,1.0,1.0,4.0,0.0,1.0,2026
2026-05-08,401856890,4898898,Gianna Kneepkens,gianna kneepkens,CON,5.0,3,1,1,0,0,0,1.0,3.0,1.0,2.0,0.0,1.0,0.0,0.0,2026
2026-05-08,401856890,2998928,Breanna Stewart,breanna stewart,NY,18.0,23,7,1,1,1,2,8.0,11.0,0.0,2.0,8.0,9.0,7.0,8.0,2026
2026-05-08,401856890,2999101,Jonquel Jones,jonquel jones,NY,18.0,8,2,1,1,1,1,2.0,4.0,1.0,3.0,1.0,1.0,3.0,4.0,2026
2026-05-08,401856890,2593770,Betnijah Laney-Hamilton,betnijah laney hamilton,NY,13.0,8,0,2,0,0,1,4.0,5.0,0.0,1.0,4.0,4.0,0.0,0.0,2026
2026-05-08,401856890,4038379,Marine Johannes,marine johannes,NY,20.0,12,5,3,1,0,1,4.0,9.0,4.0,8.0,0.0,1.0,0.0,0.0,2026
2026-05-08,401856890,5345320,Pauline Astier,pauline astier,NY,14.0,5,1,4,0,0,0,2.0,3.0,0.0,0.0,2.0,3.0,1.0,3.0,2026
2026-05-08,401856890,4337216,Han Xu,han xu,NY,8.0,2,0,0,0,0,0,1.0,4.0,0.0,3.0,1.0,1.0,0.0,0.0,2026
2026-05-08,401856890,2327695,Rebekah Gardner,rebekah gardner,NY,9.0,1,3,0,1,0,0,0.0,2.0,0.0,1.0,0.0,1.0,1.0,2.0,2026
2026-05-08,401856890,2566110,Julie Vanloo,julie vanloo,NY,10.0,9,6,5,0,0,1,2.0,2.0,1.0,1.0,1.0,1.0,4.0,4.0,2026
2026-05-08,401856891,4898384,Kiki Iriafen,kiki iriafen,WSH,18.0,6,11,2,0,1,0,3.0,7.0,0.0,2.0,3.0,5.0,0.0,0.0,2026
2026-05-08,401856891,4398911,Shakira Austin,shakira austin,WSH,18.0,12,6,2,2,1,0,5.0,10.0,0.0,1.0,5.0,9.0,2.0,3.0,2026
2026-05-08,401856891,4433524,Sonia Citron,sonia citron,WSH,20.0,17,1,0,1,0,1,6.0,7.0,2.0,3.0,4.0,4.0,3.0,5.0,2026
2026-05-08,401856891,4704180,Georgia Amoore,georgia amoore,WSH,17.0,6,2,3,1,0,3,2.0,7.0,2.0,5.0,0.0,2.0,0.0,0.0,2026
2026-05-08,401856891,5122345,Cassandre Prosper,cassandre prosper,WSH,13.0,2,1,1,1,0,1,1.0,4.0,0.0,2.0,1.0,2.0,0.0,0.0,2026
2026-05-08,401856891,4433411,Angela Dugalic,angela dugalic,WSH,8.0,2,1,0,0,0,0,1.0,2.0,0.0,1.0,1.0,1.0,0.0,0.0,2026
2026-05-08,401856891,5105737,Lauren Betts,lauren betts,WSH,8.0,0,3,1,0,0,0,0.0,4.0,0.0,0.0,0.0,4.0,0.0,0.0,2026
2026-05-08,401856891,4433523,Rori Harmon,rori harmon,WSH,8.0,0,2,0,1,0,0,0.0,0.0,0.0,0.0,0.0,0.0,0.0,0.0,2026
2026-05-08,401856891,4433815,Lucy Olsen,lucy olsen,WSH,7.0,0,0,1,0,0,2,0.0,3.0,0.0,1.0,0.0,2.0,0.0,0.0,2026
2026-05-08,401856891,5278157,Alex Wilson,alex wilson,WSH,12.0,2,2,1,0,0,0,1.0,3.0,0.0,2.0,1.0,1.0,0.0,0.0,2026
2026-05-08,401856891,4398768,Nyara Sabally,nyara sabally,TOR,17.0,6,3,0,1,1,1,2.0,5.0,0.0,1.0,2.0,4.0,2.0,4.0,2026
2026-05-08,401856891,2569044,Temi Fagbenle,temi fagbenle,TOR,10.0,2,1,0,0,0,2,0.0,1.0,0.0,1.0,0.0,0.0,2.0,2.0,2026
2026-05-08,401856891,2988756,Brittney Sykes,brittney sykes,TOR,19.0,9,2,0,2,0,2,3.0,12.0,0.0,4.0,3.0,8.0,3.0,4.0,2026
2026-05-08,401856891,3904576,Marina Mabrey,marina mabrey,TOR,19.0,16,3,2,1,0,1,3.0,10.0,2.0,5.0,1.0,5.0,8.0,8.0,2026
2026-05-08,401856891,4001679,Julie Allemand,julie allemand,TOR,22.0,3,2,2,1,0,0,1.0,1.0,1.0,1.0,0.0,0.0,0.0,0.0,2026
2026-05-08,401856891,3910470,Maria Conde,maria conde,TOR,10.0,0,2,0,0,0,1,0.0,2.0,0.0,0.0,0.0,2.0,0.0,0.0,2026
2026-05-08,401856891,4434020,Teonni Key,teonni key,TOR,9.0,0,3,1,0,1,1,0.0,1.0,0.0,1.0,0.0,0.0,0.0,2.0,2026
2026-05-08,401856891,5345444,Laura Juskaite,laura juskaite,TOR,4.0,0,1,0,0,0,0,0.0,0.0,0.0,0.0,0.0,0.0,0.0,0.0,2026
2026-05-08,401856891,3904479,Mariella Fasoula,mariella fasoula,TOR,1.0,0,1,0,0,0,0,0.0,0.0,0.0,0.0,0.0,0.0,0.0,0.0,2026
2026-05-08,401856891,3142327,Kia Nurse,kia nurse,TOR,7.0,2,1,1,0,0,1,1.0,1.0,0.0,0.0,1.0,1.0,0.0,0.0,2026
2026-05-08,401856891,4399342,Lexi Held,lexi held,TOR,2.0,0,0,0,0,0,0,0.0,0.0,0.0,0.0,0.0,0.0,0.0,0.0,2026
2026-05-08,401856891,4565505,Kiki Rice,kiki rice,TOR,9.0,0,1,0,0,0,0,0.0,2.0,0.0,2.0,0.0,0.0,0.0,0.0,2026
2026-05-03,401867795,4898384,Kiki Iriafen,kiki iriafen,WSH,16.0,11,4,1,0,2,3,3.0,6.0,1.0,1.0,2.0,5.0,4.0,5.0,2026
2026-05-03,401867795,5105737,Lauren Betts,lauren betts,WSH,26.0,17,4,3,1,0,1,7.0,12.0,0.0,0.0,7.0,12.0,3.0,4.0,2026
2026-05-03,401867795,4433524,Sonia Citron,sonia citron,WSH,19.0,6,2,3,0,0,0,2.0,5.0,0.0,0.0,2.0,5.0,2.0,2.0,2026
2026-05-03,401867795,4583144,Cotie McMahon,cotie mcmahon,WSH,27.0,9,1,1,2,0,0,2.0,4.0,0.0,0.0,2.0,4.0,5.0,7.0,2026
2026-05-03,401867795,4704180,Georgia Amoore,georgia amoore,WSH,17.0,8,1,2,3,0,2,3.0,7.0,2.0,4.0,1.0,3.0,0.0,0.0,2026
2026-05-03,401867795,4433411,Angela Dugalic,angela dugalic,WSH,20.0,7,6,2,3,1,2,3.0,7.0,1.0,4.0,2.0,3.0,0.0,0.0,2026
2026-05-03,401867795,4682992,Christeen Iwuala,christeen iwuala,WSH,3.0,2,1,1,0,0,0,1.0,3.0,0.0,0.0,1.0,3.0,0.0,0.0,2026
2026-05-03,401867795,4433416,Madison Scott,madison scott,WSH,5.0,0,0,0,1,0,1,0.0,1.0,0.0,0.0,0.0,1.0,0.0,0.0,2026
2026-05-03,401867795,4433523,Rori Harmon,rori harmon,WSH,18.0,6,0,4,2,0,4,3.0,6.0,0.0,3.0,3.0,3.0,0.0,2.0,2026
2026-05-03,401867795,4433815,Lucy Olsen,lucy olsen,WSH,16.0,9,2,2,1,0,2,3.0,4.0,0.0,0.0,3.0,4.0,3.0,4.0,2026
2026-05-03,401867795,5106145,Darianna Littlepage-Buggs,darianna littlepage buggs,WSH,14.0,5,2,1,0,1,1,2.0,3.0,1.0,1.0,1.0,2.0,0.0,0.0,2026
2026-05-03,401867795,5122345,Cassandre Prosper,cassandre prosper,WSH,19.0,3,3,0,1,0,0,1.0,3.0,0.0,1.0,1.0,2.0,1.0,2.0,2026
2026-05-03,401867795,4398915,Naz Hillmon,naz hillmon,ATL,10.0,0,1,1,0,0,0,0.0,1.0,0.0,1.0,0.0,0.0,0.0,0.0,2026
2026-05-03,401867795,4433402,Angel Reese,angel reese,ATL,11.0,10,4,0,2,0,2,3.0,7.0,0.0,0.0,3.0,7.0,4.0,6.0,2026
2026-05-03,401867795,3058901,Allisha Gray,allisha gray,ATL,10.0,3,1,0,1,0,2,1.0,3.0,0.0,1.0,1.0,2.0,1.0,2.0,2026
2026-05-03,401867795,3142250,Jordin Canada,jordin canada,ATL,9.0,3,0,1,0,0,1,1.0,3.0,1.0,2.0,0.0,1.0,0.0,1.0,2026
2026-05-03,401867795,4398674,Rhyne Howard,rhyne howard,ATL,13.0,2,0,3,1,0,0,0.0,5.0,0.0,5.0,0.0,0.0,2.0,2.0,2026
2026-05-03,401867795,4065785,Stephanie Jones,stephanie jones,ATL,20.0,3,6,1,0,0,2,0.0,2.0,0.0,1.0,0.0,1.0,3.0,4.0,2026
2026-05-03,401867795,4898400,Taylor Thierry,taylor thierry,ATL,13.0,7,4,1,0,0,1,2.0,5.0,2.0,4.0,0.0,1.0,1.0,2.0,2026
2026-05-03,401867795,5017721,Sika Kone,sika kone,ATL,11.0,4,2,0,0,0,0,2.0,4.0,0.0,1.0,2.0,3.0,0.0,0.0,2026
2026-05-03,401867795,5108587,Madina Okot,madina okot,ATL,21.0,9,6,1,1,2,5,3.0,6.0,1.0,3.0,2.0,3.0,2.0,4.0,2026
2026-05-03,401867795,3907713,Maite Cazorla,maite cazorla,ATL,22.0,5,4,4,2,0,2,1.0,2.0,0.0,1.0,1.0,1.0,3.0,4.0,2026
2026-05-03,401867795,4433431,Te-Hina Paopao,te hina paopao,ATL,9.0,8,2,0,0,0,1,3.0,4.0,2.0,2.0,1.0,2.0,0.0,0.0,2026
2026-05-03,401867795,4433690,Holly Winterburn,holly winterburn,ATL,22.0,12,2,2,2,0,2,4.0,9.0,0.0,5.0,4.0,4.0,4.0,4.0,2026
2026-05-03,401867795,5105740,Indya Nivar,indya nivar,ATL,14.0,4,2,0,0,0,2,1.0,3.0,0.0,1.0,1.0,2.0,2.0,2.0,2026
2026-05-03,401867795,5208983,Isobel Borlase,isobel borlase,ATL,14.0,2,1,2,2,1,1,1.0,4.0,0.0,2.0,1.0,2.0,0.0,0.0,2026
2026-05-03,401866519,2998928,Breanna Stewart,breanna stewart,NY,18.0,4,6,2,0,0,1,2.0,6.0,0.0,1.0,2.0,5.0,0.0,0.0,2026
2026-05-03,401866519,2999101,Jonquel Jones,jonquel jones,NY,21.0,15,5,0,1,3,0,4.0,8.0,3.0,6.0,1.0,2.0,4.0,4.0,2026
2026-05-03,401866519,2327695,Rebekah Gardner,rebekah gardner,NY,23.0,6,7,1,0,0,0,0.0,2.0,0.0,0.0,0.0,2.0,6.0,6.0,2026
2026-05-03,401866519,4038379,Marine Johannes,marine johannes,NY,29.0,12,4,4,5,0,1,4.0,11.0,4.0,9.0,0.0,2.0,0.0,0.0,2026
2026-05-03,401866519,4066533,Sabrina Ionescu,sabrina ionescu,NY,16.0,6,1,2,0,0,3,2.0,8.0,0.0,1.0,2.0,7.0,2.0,2.0,2026
2026-05-03,401866519,4281930,Anneli Maley,anneli maley,NY,24.0,13,6,1,0,0,1,3.0,5.0,1.0,2.0,2.0,3.0,6.0,6.0,2026
2026-05-03,401866519,4595823,Alex Fowler,alex fowler,NY,15.0,0,2,0,3,0,1,0.0,3.0,0.0,2.0,0.0,1.0,0.0,0.0,2026
2026-05-03,401866519,4337216,Han Xu,han xu,NY,15.0,4,1,1,1,1,0,2.0,9.0,0.0,2.0,2.0,7.0,0.0,0.0,2026
2026-05-03,401866519,4703579,Derin Erdogan,derin erdogan,NY,18.0,7,0,1,0,0,1,3.0,8.0,1.0,3.0,2.0,5.0,0.0,0.0,2026
2026-05-03,401866519,5345320,Pauline Astier,pauline astier,NY,22.0,12,1,4,1,1,2,4.0,5.0,0.0,0.0,4.0,5.0,4.0,4.0,2026
2026-05-03,401866519,4433635,Diamond Miller,diamond miller,CON,16.0,6,4,1,0,1,0,2.0,6.0,0.0,1.0,2.0,5.0,2.0,2.0,2026
2026-05-03,401866519,4684384,Aneesah Morrow,aneesah morrow,CON,16.0,8,8,0,1,0,1,4.0,11.0,0.0,2.0,4.0,9.0,0.0,1.0,2026
2026-05-03,401866519,2490553,Brittney Griner,brittney griner,CON,21.0,16,4,1,1,0,0,7.0,9.0,2.0,2.0,5.0,7.0,0.0,0.0,2026
2026-05-03,401866519,3922628,Kennedy Burke,kennedy burke,CON,24.0,3,3,4,0,1,1,1.0,7.0,1.0,6.0,0.0,1.0,0.0,0.0,2026
2026-05-03,401866519,4433514,Saniya Rivers,saniya rivers,CON,24.0,6,2,4,1,1,2,2.0,6.0,0.0,1.0,2.0,5.0,2.0,2.0,2026
2026-05-03,401866519,5105732,Raegan Beers,raegan beers,CON,14.0,5,0,1,1,0,2,2.0,5.0,1.0,2.0,1.0,3.0,0.0,0.0,2026
2026-05-03,401866519,4398966,Olivia Nelson-Ododa,olivia nelson ododa,CON,14.0,9,4,0,0,1,3,4.0,7.0,0.0,0.0,4.0,7.0,1.0,2.0,2026
2026-05-03,401866519,4682860,Kyla Oldacre,kyla oldacre,CON,5.0,0,0,0,0,0,2,0.0,1.0,0.0,0.0,0.0,1.0,0.0,0.0,2026
2026-05-03,401866519,4433413,Madison Hayes,madison hayes,CON,11.0,2,4,0,0,0,0,1.0,2.0,0.0,0.0,1.0,2.0,0.0,0.0,2026
2026-05-03,401866519,4433798,Taylor Bigby,taylor bigby,CON,10.0,0,0,2,0,0,0,0.0,3.0,0.0,2.0,0.0,1.0,0.0,0.0,2026
2026-05-03,401866519,4703609,Charlisse Leger-Walker,charlisse leger walker,CON,14.0,0,0,0,0,0,3,0.0,1.0,0.0,0.0,0.0,1.0,0.0,0.0,2026
2026-05-03,401866519,4898898,Gianna Kneepkens,gianna kneepkens,CON,17.0,5,2,2,2,0,1,2.0,4.0,1.0,2.0,1.0,2.0,0.0,0.0,2026
2026-05-03,401866519,4899316,Harmoni Turner,harmoni turner,CON,14.0,7,2,0,0,0,1,2.0,4.0,1.0,3.0,1.0,1.0,2.0,2.0,2026
2026-05-03,401866520,3099736,Stephanie Talbot,stephanie talbot,LV,19.0,8,1,1,2,0,2,2.0,6.0,1.0,2.0,1.0,4.0,3.0,3.0,2026
2026-05-03,401866520,4398776,NaLyssa Smith,nalyssa smith,LV,25.0,9,4,0,0,0,2,3.0,6.0,0.0,1.0,3.0,5.0,3.0,8.0,2026
2026-05-03,401866520,3149391,A'ja Wilson,a ja wilson,LV,23.0,18,5,1,1,1,4,5.0,9.0,0.0,1.0,5.0,8.0,8.0,13.0,2026
2026-05-03,401866520,2529122,Chelsea Gray,chelsea gray,LV,22.0,10,2,5,1,0,2,4.0,9.0,2.0,4.0,2.0,5.0,0.0,0.0,2026
2026-05-03,401866520,4065870,Jackie Young,jackie young,LV,25.0,16,0,3,0,0,1,7.0,13.0,1.0,4.0,6.0,9.0,1.0,2.0,2026
2026-05-03,401866520,2529458,Cheyenne Parker-Tyus,cheyenne parker tyus,LV,11.0,4,5,1,0,0,2,1.0,1.0,0.0,0.0,1.0,1.0,2.0,4.0,2026
2026-05-03,401866520,3142086,Brianna Turner,brianna turner,LV,12.0,0,1,0,0,0,0,0.0,0.0,0.0,0.0,0.0,0.0,0.0,0.0,2026
2026-05-03,401866520,4433633,Kierstan Bell,kierstan bell,LV,18.0,5,0,1,1,0,0,2.0,3.0,1.0,2.0,1.0,1.0,0.0,0.0,2026
2026-05-03,401866520,2987869,Jewell Loyd,jewell loyd,LV,28.0,9,6,0,4,0,2,2.0,6.0,0.0,2.0,2.0,4.0,5.0,6.0,2026
2026-05-03,401866520,4280892,Chennedy Carter,chennedy carter,LV,16.0,5,0,2,0,2,0,2.0,7.0,0.0,3.0,2.0,4.0,1.0,2.0,2026
2026-05-03,401866520,4705226,Jordan Obi,jordan obi,LV,3.0,0,1,0,0,0,1,0.0,0.0,0.0,0.0,0.0,0.0,0.0,0.0,2026
2026-05-03,401866520,3913881,Alanna Smith,alanna smith,DAL,12.0,12,7,1,0,0,1,5.0,6.0,2.0,2.0,3.0,4.0,0.0,0.0,2026
2026-05-03,401866520,4399415,Maddy Siegrist,maddy siegrist,DAL,22.0,14,5,1,0,0,1,7.0,10.0,0.0,1.0,7.0,9.0,0.0,0.0,2026
2026-05-03,401866520,2529047,Odyssey Sims,odyssey sims,DAL,16.0,5,0,2,0,0,0,2.0,5.0,1.0,1.0,1.0,4.0,0.0,0.0,2026
2026-05-03,401866520,4433730,Paige Bueckers,paige bueckers,DAL,22.0,11,4,9,1,0,0,4.0,9.0,1.0,1.0,3.0,8.0,2.0,2.0,2026
2026-05-03,401866520,4433790,Azzi Fudd,azzi fudd,DAL,21.0,12,0,1,0,0,1,4.0,10.0,1.0,5.0,3.0,5.0,3.0,4.0,2026
2026-05-03,401866520,924,Alysha Clark,alysha clark,DAL,18.0,6,2,1,1,0,0,2.0,3.0,0.0,0.0,2.0,3.0,2.0,3.0,2026
2026-05-03,401866520,3142242,Amy Okonkwo,amy okonkwo,DAL,10.0,8,3,0,1,0,1,2.0,5.0,1.0,4.0,1.0,1.0,3.0,3.0,2026
2026-05-03,401866520,3906949,Jessica Shepard,jessica shepard,DAL,17.0,6,5,2,0,0,0,2.0,2.0,0.0,0.0,2.0,2.0,2.0,4.0,2026
2026-05-03,401866520,4594527,Dulcy Fankam Mendjiadeu,dulcy fankam mendjiadeu,DAL,10.0,0,1,0,0,0,1,0.0,0.0,0.0,0.0,0.0,0.0,0.0,0.0,2026
2026-05-03,401866520,4336633,Li Yueru,li yueru,DAL,5.0,0,0,0,0,0,1,0.0,0.0,0.0,0.0,0.0,0.0,0.0,0.0,2026
2026-05-03,401866520,4433792,Rayah Marshall,rayah marshall,DAL,3.0,0,0,0,1,0,1,0.0,0.0,0.0,0.0,0.0,0.0,0.0,0.0,2026
2026-05-03,401866520,3058908,Lindsay Allen,lindsay allen,DAL,4.0,0,0,0,0,0,1,0.0,0.0,0.0,0.0,0.0,0.0,0.0,0.0,2026
2026-05-03,401866520,4398899,Grace Berger,grace berger,DAL,9.0,2,1,2,1,0,0,0.0,1.0,0.0,0.0,0.0,1.0,2.0,2.0,2026
2026-05-03,401866520,4433807,Aziaha James,aziaha james,DAL,17.0,18,4,2,2,1,3,6.0,13.0,2.0,5.0,4.0,8.0,4.0,7.0,2026
2026-05-03,401866520,4434015,JJ Quinerly,jj quinerly,DAL,11.0,7,3,3,1,0,3,1.0,3.0,1.0,1.0,0.0,2.0,4.0,4.0,2026
2026-05-03,401866520,5345473,Costanza Verona,costanza verona,DAL,4.0,0,0,0,1,0,0,0.0,4.0,0.0,0.0,0.0,4.0,0.0,0.0,2026
2026-05-03,401866521,1068,Nneka Ogwumike,nneka ogwumike,LA,20.0,17,4,5,1,0,0,5.0,9.0,2.0,3.0,3.0,6.0,5.0,7.0,2026
2026-05-03,401866521,2566106,Dearica Hamby,dearica hamby,LA,19.0,13,4,2,2,0,2,4.0,5.0,0.0,0.0,4.0,5.0,5.0,6.0,2026
2026-05-03,401866521,3065570,Kelsey Plum,kelsey plum,LA,18.0,13,1,4,0,0,2,3.0,7.0,2.0,2.0,1.0,5.0,5.0,5.0,2026
2026-05-03,401866521,3146151,Ariel Atkins,ariel atkins,LA,17.0,4,2,3,1,1,1,1.0,4.0,1.0,2.0,0.0,2.0,1.0,2.0,2026
2026-05-03,401866521,4398764,Rae Burrell,rae burrell,LA,18.0,4,2,0,2,1,1,2.0,5.0,0.0,2.0,2.0,3.0,0.0,0.0,2026
2026-05-03,401866521,2284331,Emma Cannon,emma cannon,LA,8.0,3,1,1,0,0,0,1.0,2.0,1.0,2.0,0.0,0.0,0.0,0.0,2026
2026-05-03,401866521,4433404,Cameron Brink,cameron brink,LA,12.0,0,4,0,1,1,4,0.0,2.0,0.0,1.0,0.0,1.0,0.0,0.0,2026
2026-05-03,401866521,4433795,Sania Feagin,sania feagin,LA,10.0,8,3,0,1,0,1,2.0,3.0,0.0,0.0,2.0,3.0,4.0,4.0,2026
2026-05-03,401866521,4874375,Jihyun Park,jihyun park,LA,10.0,2,2,0,0,0,0,1.0,3.0,0.0,2.0,1.0,1.0,0.0,0.0,2026
2026-05-03,401866521,5107515,Laura Ziegler,laura ziegler,LA,10.0,0,1,0,0,1,1,0.0,3.0,0.0,3.0,0.0,0.0,0.0,0.0,2026
2026-05-03,401866521,2491214,Erica Wheeler,erica wheeler,LA,11.0,6,0,2,1,0,1,2.0,5.0,2.0,5.0,0.0,0.0,0.0,0.0,2026
2026-05-03,401866521,2566110,Julie Vanloo,julie vanloo,LA,9.0,0,2,2,0,0,2,0.0,2.0,0.0,2.0,0.0,0.0,0.0,0.0,2026
2026-05-03,401866521,4609797,Ta'Niya Latson,ta niya latson,LA,14.0,7,1,2,0,0,4,2.0,5.0,0.0,2.0,2.0,3.0,3.0,6.0,2026
2026-05-03,401866521,5105729,Chance Gray,chance gray,LA,13.0,6,2,1,1,0,1,2.0,5.0,1.0,3.0,1.0,2.0,1.0,2.0,2026
2026-05-03,401866521,5209660,Sevgi Uzun,sevgi uzun,LA,10.0,2,2,0,0,0,0,1.0,4.0,0.0,2.0,1.0,2.0,0.0,0.0,2026
2026-05-03,401866521,3906972,Bridget Carleton,bridget carleton,POR,25.0,9,1,1,1,0,1,3.0,8.0,1.0,5.0,2.0,3.0,2.0,4.0,2026
2026-05-03,401866521,5209202,Nyadiew Puoch,nyadiew puoch,POR,23.0,12,1,2,1,0,0,4.0,5.0,2.0,3.0,2.0,2.0,2.0,4.0,2026
2026-05-03,401866521,4682797,Luisa Geiselsoder,luisa geiselsoder,POR,21.0,7,6,0,0,1,4,2.0,6.0,0.0,2.0,2.0,4.0,3.0,3.0,2026
2026-05-03,401866521,4595910,Haley Jones,haley jones,POR,21.0,8,3,2,2,0,4,4.0,8.0,0.0,1.0,4.0,7.0,0.0,0.0,2026
2026-05-03,401866521,5208982,Carla Leite,carla leite,POR,22.0,11,1,3,1,0,4,4.0,6.0,1.0,1.0,3.0,5.0,2.0,2.0,2026
2026-05-03,401866521,4280877,Chloe Bibby,chloe bibby,POR,16.0,0,1,0,0,0,0,0.0,1.0,0.0,0.0,0.0,1.0,0.0,0.0,2026
2026-05-03,401866521,5105406,Frieda Buhner,frieda buhner,POR,21.0,5,1,0,0,0,1,1.0,6.0,0.0,3.0,1.0,3.0,3.0,4.0,2026
2026-05-03,401866521,5108550,Serah Williams,serah williams,POR,19.0,12,8,1,2,1,3,3.0,6.0,0.0,0.0,3.0,6.0,6.0,8.0,2026
2026-05-03,401866521,4280850,Maya Caldwell,maya caldwell,POR,15.0,2,5,2,0,0,3,1.0,3.0,0.0,2.0,1.0,1.0,0.0,0.0,2026
2026-05-03,401866521,5108051,Jordan Harrison,jordan harrison,POR,18.0,9,3,4,1,0,4,2.0,5.0,0.0,1.0,2.0,4.0,5.0,5.0,2026
2026-05-02,401867794,3918557,Nicole Enabosi,nicole enabosi,NIGER,17.0,3,5,1,1,0,2,0.0,1.0,0.0,0.0,0.0,1.0,3.0,4.0,2026
2026-05-02,401867794,3926411,Pallas Kunaiyi,pallas kunaiyi,NIGER,14.0,6,4,0,1,1,2,2.0,5.0,0.0,0.0,2.0,5.0,2.0,3.0,2026
2026-05-02,401867794,2491811,Victoria Macaulay,victoria macaulay,NIGER,20.0,4,3,1,2,0,3,2.0,8.0,0.0,0.0,2.0,8.0,0.0,0.0,2026
2026-05-02,401867794,2531437,Ezinne Kalu,ezinne kalu,NIGER,25.0,8,2,2,1,0,3,1.0,5.0,0.0,2.0,1.0,3.0,6.0,8.0,2026
2026-05-02,401867794,2592228,Promise Amukamara,promise amukamara,NIGER,27.0,2,1,2,1,0,3,0.0,7.0,0.0,3.0,0.0,4.0,2.0,2.0,2026
2026-05-02,401867794,5312420,Nora Ezike,nora ezike,NIGER,9.0,0,2,0,0,0,1,0.0,2.0,0.0,2.0,0.0,0.0,0.0,0.0,2026
2026-05-02,401867794,5346853,Suzie Rafiu,suzie rafiu,NIGER,15.0,6,3,0,3,0,3,3.0,4.0,0.0,1.0,3.0,3.0,0.0,1.0,2026
2026-05-02,401867794,5346854,Regina Donanu,regina donanu,NIGER,7.0,0,1,0,0,0,0,0.0,3.0,0.0,1.0,0.0,2.0,0.0,0.0,2026
2026-05-02,401867794,5346855,Jemi Klaku,jemi klaku,NIGER,5.0,2,2,0,0,0,1,1.0,3.0,0.0,0.0,1.0,3.0,0.0,0.0,2026
2026-05-02,401867794,5346856,Vera Ojenuwa,vera ojenuwa,NIGER,19.0,8,4,1,1,0,1,2.0,6.0,0.0,0.0,2.0,6.0,4.0,7.0,2026
2026-05-02,401867794,4280899,Blessing Ejiofor,blessing ejiofor,NIGER,15.0,8,2,0,1,0,0,3.0,5.0,0.0,0.0,3.0,5.0,2.0,2.0,2026
2026-05-02,401867794,5238309,Shay Ijiwoye,shay ijiwoye,NIGER,27.0,10,3,1,3,0,5,4.0,11.0,0.0,3.0,4.0,8.0,2.0,7.0,2026
2026-05-02,401867794,3142255,Monique Billings,monique billings,IND,6.0,7,2,0,1,0,1,3.0,3.0,1.0,1.0,2.0,2.0,0.0,0.0,2026
2026-05-02,401867794,4432831,Aliyah Boston,aliyah boston,IND,10.0,4,1,6,0,1,1,2.0,3.0,0.0,0.0,2.0,3.0,0.0,0.0,2026
2026-05-02,401867794,3142191,Kelsey Mitchell,kelsey mitchell,IND,14.0,17,2,2,2,0,1,6.0,9.0,3.0,3.0,3.0,6.0,2.0,2.0,2026
2026-05-02,401867794,3907781,Sophie Cunningham,sophie cunningham,IND,12.0,8,1,3,1,0,0,3.0,4.0,1.0,2.0,2.0,2.0,1.0,2.0,2026
2026-05-02,401867794,4433403,Caitlin Clark,caitlin clark,IND,13.0,12,2,4,1,0,1,3.0,4.0,2.0,3.0,1.0,1.0,4.0,4.0,2026
2026-05-02,401867794,3142055,Myisha Hines-Allen,myisha hines allen,IND,14.0,5,5,1,1,0,0,2.0,4.0,0.0,0.0,2.0,4.0,1.0,1.0,2026
2026-05-02,401867794,4433546,Makayla Timpson,makayla timpson,IND,24.0,12,5,0,2,2,1,5.0,5.0,0.0,0.0,5.0,5.0,2.0,3.0,2026
2026-05-02,401867794,2955898,Damiris Dantas,damiris dantas,IND,23.0,16,5,3,1,0,2,5.0,9.0,4.0,6.0,1.0,3.0,2.0,2.0,2026
2026-05-02,401867794,3058893,Shatori Walker-Kimbrough,shatori walker kimbrough,IND,19.0,5,4,0,0,1,2,2.0,3.0,1.0,2.0,1.0,1.0,0.0,0.0,2026
2026-05-02,401867794,4065760,Tyasha Harris,tyasha harris,IND,12.0,2,0,1,0,0,0,0.0,3.0,0.0,2.0,0.0,1.0,2.0,2.0,2026
2026-05-02,401867794,4398947,Kayana Traylor,kayana traylor,IND,11.0,5,1,1,0,0,4,2.0,6.0,1.0,4.0,1.0,2.0,0.0,0.0,2026
2026-05-02,401867794,4433510,Megan McConnell,megan mcconnell,IND,12.0,0,3,3,2,0,3,0.0,3.0,0.0,2.0,0.0,1.0,0.0,0.0,2026
2026-05-02,401867794,4433797,Raven Johnson,raven johnson,IND,16.0,9,7,1,1,1,1,3.0,6.0,1.0,4.0,2.0,2.0,2.0,2.0,2026
2026-05-02,401867794,4433811,Jessica Timmons,jessica timmons,IND,13.0,3,1,1,0,0,1,0.0,5.0,0.0,2.0,0.0,3.0,3.0,3.0,2026
2026-05-02,401867793,5345444,Laura Juskaite,laura juskaite,TOR,28.0,6,7,1,2,0,3,2.0,10.0,0.0,3.0,2.0,7.0,2.0,2.0,2026
2026-05-02,401867793,2569044,Temi Fagbenle,temi fagbenle,TOR,15.0,4,7,2,0,1,0,2.0,7.0,0.0,0.0,2.0,7.0,0.0,0.0,2026
2026-05-02,401867793,2988756,Brittney Sykes,brittney sykes,TOR,17.0,8,1,0,1,0,3,3.0,9.0,0.0,3.0,3.0,6.0,2.0,2.0,2026
2026-05-02,401867793,3142327,Kia Nurse,kia nurse,TOR,15.0,7,0,0,0,0,1,2.0,5.0,1.0,3.0,1.0,2.0,2.0,2.0,2026
2026-05-02,401867793,4001679,Julie Allemand,julie allemand,TOR,22.0,5,6,2,0,0,0,2.0,3.0,1.0,2.0,1.0,1.0,0.0,0.0,2026
2026-05-02,401867793,4434020,Teonni Key,teonni key,TOR,22.0,4,6,2,0,1,1,1.0,6.0,0.0,1.0,1.0,5.0,2.0,4.0,2026
2026-05-02,401867793,4398589,Elizabeth Balogun,elizabeth balogun,TOR,15.0,12,1,0,1,0,0,5.0,8.0,2.0,3.0,3.0,5.0,0.0,0.0,2026
2026-05-02,401867793,4399342,Lexi Held,lexi held,TOR,23.0,5,1,0,1,0,0,2.0,8.0,1.0,3.0,1.0,5.0,0.0,0.0,2026
2026-05-02,401867793,4565505,Kiki Rice,kiki rice,TOR,23.0,10,2,2,1,0,0,4.0,7.0,0.0,1.0,4.0,6.0,2.0,3.0,2026
2026-05-02,401867793,4597509,Aaliyah Nye,aaliyah nye,TOR,20.0,5,3,2,1,0,1,1.0,5.0,1.0,5.0,0.0,0.0,2.0,3.0,2026
2026-05-02,401867793,2529130,Natasha Howard,natasha howard,MIN,13.0,0,2,2,0,0,0,0.0,5.0,0.0,0.0,0.0,5.0,0.0,0.0,2026
2026-05-02,401867793,3054590,Nia Coffey,nia coffey,MIN,17.0,9,4,0,0,0,0,4.0,6.0,1.0,2.0,3.0,4.0,0.0,0.0,2026
2026-05-02,401867793,2529205,Kayla McBride,kayla mcbride,MIN,21.0,13,3,1,1,0,1,4.0,7.0,0.0,0.0,4.0,7.0,5.0,7.0,2026
2026-05-02,401867793,2987891,Courtney Williams,courtney williams,MIN,17.0,0,5,6,1,0,4,0.0,5.0,0.0,0.0,0.0,5.0,0.0,0.0,2026
2026-05-02,401867793,4433791,Olivia Miles,olivia miles,MIN,28.0,13,6,2,0,0,2,5.0,13.0,0.0,1.0,5.0,12.0,3.0,5.0,2026
2026-05-02,401867793,4596309,Liatu King,liatu king,MIN,10.0,3,3,0,1,0,2,1.0,3.0,0.0,0.0,1.0,3.0,1.0,4.0,2026
2026-05-02,401867793,4873358,Antonia Delaere,antonia delaere,MIN,17.0,2,1,2,0,0,0,0.0,2.0,0.0,0.0,0.0,2.0,2.0,2.0,2026
2026-05-02,401867793,5278237,Anastasiia Olairi Kosu,anastasiia olairi kosu,MIN,15.0,10,5,0,0,0,0,3.0,4.0,0.0,0.0,3.0,4.0,4.0,4.0,2026
2026-05-02,401867793,5345322,Emma Cechova,emma cechova,MIN,24.0,16,6,0,0,4,2,5.0,7.0,0.0,0.0,5.0,7.0,6.0,10.0,2026
2026-05-02,401867793,4433386,Jaylyn Sherrod,jaylyn sherrod,MIN,6.0,0,1,1,0,0,0,0.0,0.0,0.0,0.0,0.0,0.0,0.0,2.0,2026
2026-05-02,401867793,4433542,Saylor Poffenbarger,saylor poffenbarger,MIN,15.0,0,2,0,0,0,0,0.0,1.0,0.0,1.0,0.0,0.0,0.0,0.0,2026
2026-05-02,401867793,5345478,Eliska Hamzova,eliska hamzova,MIN,18.0,7,2,1,0,0,4,2.0,3.0,1.0,1.0,1.0,2.0,2.0,3.0,2026
2026-04-30,401866518,3913881,Alanna Smith,alanna smith,DAL,19.0,5,4,5,1,0,5,1.0,2.0,1.0,1.0,0.0,1.0,2.0,2.0,2026
2026-04-30,401866518,4399415,Maddy Siegrist,maddy siegrist,DAL,29.0,18,11,0,1,1,1,7.0,13.0,2.0,5.0,5.0,8.0,2.0,2.0,2026
2026-04-30,401866518,2529047,Odyssey Sims,odyssey sims,DAL,15.0,9,3,4,1,0,0,4.0,4.0,0.0,0.0,4.0,4.0,1.0,2.0,2026
2026-04-30,401866518,4433730,Paige Bueckers,paige bueckers,DAL,20.0,20,2,3,1,0,3,8.0,12.0,4.0,6.0,4.0,6.0,0.0,0.0,2026
2026-04-30,401866518,4433790,Azzi Fudd,azzi fudd,DAL,16.0,4,0,1,0,0,0,2.0,7.0,0.0,2.0,2.0,5.0,0.0,0.0,2026
2026-04-30,401866518,924,Alysha Clark,alysha clark,DAL,7.0,0,3,1,2,0,2,0.0,0.0,0.0,0.0,0.0,0.0,0.0,0.0,2026
2026-04-30,401866518,3142242,Amy Okonkwo,amy okonkwo,DAL,10.0,0,2,0,1,0,2,0.0,2.0,0.0,1.0,0.0,1.0,0.0,0.0,2026
2026-04-30,401866518,4594527,Dulcy Fankam Mendjiadeu,dulcy fankam mendjiadeu,DAL,12.0,8,3,1,0,0,1,4.0,7.0,0.0,0.0,4.0,7.0,0.0,0.0,2026
2026-04-30,401866518,4336633,Li Yueru,li yueru,DAL,12.0,8,8,2,0,0,3,3.0,5.0,0.0,1.0,3.0,4.0,2.0,3.0,2026
2026-04-30,401866518,3058908,Lindsay Allen,lindsay allen,DAL,14.0,3,0,2,0,0,1,1.0,2.0,0.0,0.0,1.0,2.0,1.0,1.0,2026
2026-04-30,401866518,4398899,Grace Berger,grace berger,DAL,14.0,3,2,3,0,0,0,1.0,3.0,1.0,2.0,0.0,1.0,0.0,0.0,2026
2026-04-30,401866518,4433807,Aziaha James,aziaha james,DAL,31.0,17,7,3,4,0,4,5.0,13.0,0.0,5.0,5.0,8.0,7.0,7.0,2026
2026-04-30,401866518,3142055,Myisha Hines-Allen,myisha hines allen,IND,17.0,7,7,1,0,0,2,2.0,3.0,0.0,1.0,2.0,2.0,3.0,4.0,2026
2026-04-30,401866518,3142255,Monique Billings,monique billings,IND,22.0,2,3,0,1,0,3,1.0,5.0,0.0,1.0,1.0,4.0,0.0,0.0,2026
2026-04-30,401866518,3142191,Kelsey Mitchell,kelsey mitchell,IND,17.0,10,0,0,0,0,1,4.0,12.0,0.0,4.0,4.0,8.0,2.0,2.0,2026
2026-04-30,401866518,3907781,Sophie Cunningham,sophie cunningham,IND,14.0,1,1,0,0,0,0,0.0,0.0,0.0,0.0,0.0,0.0,1.0,3.0,2026
2026-04-30,401866518,4433403,Caitlin Clark,caitlin clark,IND,16.0,21,2,4,1,0,3,4.0,6.0,2.0,3.0,2.0,3.0,11.0,13.0,2026
2026-04-30,401866518,4433546,Makayla Timpson,makayla timpson,IND,23.0,11,2,0,1,1,0,3.0,4.0,0.0,0.0,3.0,4.0,5.0,7.0,2026
2026-04-30,401866518,2955898,Damiris Dantas,damiris dantas,IND,18.0,7,5,1,0,0,3,2.0,11.0,0.0,8.0,2.0,3.0,3.0,4.0,2026
2026-04-30,401866518,3058893,Shatori Walker-Kimbrough,shatori walker kimbrough,IND,20.0,7,2,4,2,1,0,3.0,7.0,0.0,0.0,3.0,7.0,1.0,4.0,2026
2026-04-30,401866518,4398947,Kayana Traylor,kayana traylor,IND,11.0,8,0,0,0,0,0,3.0,5.0,2.0,3.0,1.0,2.0,0.0,0.0,2026
2026-04-30,401866518,4433510,Megan McConnell,megan mcconnell,IND,9.0,0,2,0,0,1,1,0.0,1.0,0.0,0.0,0.0,1.0,0.0,0.0,2026
2026-04-30,401866518,4433797,Raven Johnson,raven johnson,IND,21.0,3,1,5,5,0,3,1.0,3.0,0.0,1.0,1.0,2.0,1.0,3.0,2026
2026-04-30,401866518,4433811,Jessica Timmons,jessica timmons,IND,11.0,3,1,0,0,0,1,1.0,3.0,0.0,2.0,1.0,1.0,1.0,2.0,2026
2026-04-29,401866515,4433408,Aaliyah Edwards,aaliyah edwards,CON,17.0,14,5,0,0,0,1,6.0,8.0,0.0,1.0,6.0,7.0,2.0,2.0,2026
2026-04-29,401866515,4433635,Diamond Miller,diamond miller,CON,18.0,8,1,3,1,0,3,2.0,3.0,0.0,1.0,2.0,2.0,4.0,4.0,2026
2026-04-29,401866515,2490553,Brittney Griner,brittney griner,CON,16.0,7,5,2,0,1,0,3.0,7.0,0.0,1.0,3.0,6.0,1.0,5.0,2026
2026-04-29,401866515,3922628,Kennedy Burke,kennedy burke,CON,21.0,13,2,3,0,0,3,5.0,8.0,3.0,5.0,2.0,3.0,0.0,0.0,2026
2026-04-29,401866515,4433514,Saniya Rivers,saniya rivers,CON,23.0,0,1,3,1,1,4,0.0,6.0,0.0,3.0,0.0,3.0,0.0,0.0,2026
2026-04-29,401866515,4684384,Aneesah Morrow,aneesah morrow,CON,23.0,21,7,0,3,1,1,7.0,10.0,1.0,3.0,6.0,7.0,6.0,6.0,2026
2026-04-29,401866515,5105732,Raegan Beers,raegan beers,CON,11.0,4,5,2,1,1,2,2.0,2.0,0.0,0.0,2.0,2.0,0.0,0.0,2026
2026-04-29,401866515,4398966,Olivia Nelson-Ododa,olivia nelson ododa,CON,12.0,3,4,0,1,0,4,1.0,1.0,0.0,0.0,1.0,1.0,1.0,6.0,2026
2026-04-29,401866515,4433413,Madison Hayes,madison hayes,CON,6.0,0,0,1,1,0,0,0.0,1.0,0.0,1.0,0.0,0.0,0.0,0.0,2026
2026-04-29,401866515,4433798,Taylor Bigby,taylor bigby,CON,9.0,2,1,1,0,1,0,1.0,2.0,0.0,1.0,1.0,1.0,0.0,0.0,2026
2026-04-29,401866515,4703609,Charlisse Leger-Walker,charlisse leger walker,CON,24.0,8,2,4,1,1,5,3.0,4.0,0.0,0.0,3.0,4.0,2.0,3.0,2026
2026-04-29,401866515,4898898,Gianna Kneepkens,gianna kneepkens,CON,13.0,3,2,0,0,0,0,1.0,6.0,1.0,3.0,0.0,3.0,0.0,2.0,2026
2026-04-29,401866515,5279789,Mamignan Toure,mamignan toure,CON,7.0,0,0,0,0,0,2,0.0,1.0,0.0,1.0,0.0,0.0,0.0,0.0,2026
2026-04-29,401866515,4398768,Nyara Sabally,nyara sabally,TOR,10.0,2,1,1,0,0,0,0.0,2.0,0.0,1.0,0.0,1.0,2.0,2.0,2026
2026-04-29,401866515,2569044,Temi Fagbenle,temi fagbenle,TOR,21.0,4,3,2,3,0,2,2.0,3.0,0.0,1.0,2.0,2.0,0.0,0.0,2026
2026-04-29,401866515,3142327,Kia Nurse,kia nurse,TOR,18.0,8,0,0,1,0,1,3.0,11.0,2.0,8.0,1.0,3.0,0.0,0.0,2026
2026-04-29,401866515,4399342,Lexi Held,lexi held,TOR,22.0,21,0,2,2,1,3,7.0,10.0,5.0,8.0,2.0,2.0,2.0,2.0,2026
2026-04-29,401866515,4565505,Kiki Rice,kiki rice,TOR,17.0,5,1,2,1,0,3,2.0,6.0,1.0,1.0,1.0,5.0,0.0,0.0,2026
2026-04-29,401866515,4434020,Teonni Key,teonni key,TOR,18.0,0,1,0,1,0,2,0.0,1.0,0.0,1.0,0.0,0.0,0.0,0.0,2026
2026-04-29,401866515,5345444,Laura Juskaite,laura juskaite,TOR,19.0,10,4,2,2,0,3,3.0,8.0,0.0,1.0,3.0,7.0,4.0,6.0,2026
2026-04-29,401866515,3156318,Kristy Wallace,kristy wallace,TOR,17.0,5,2,3,0,0,1,1.0,4.0,1.0,3.0,0.0,1.0,2.0,4.0,2026
2026-04-29,401866515,4398589,Elizabeth Balogun,elizabeth balogun,TOR,15.0,6,4,0,0,0,2,3.0,5.0,0.0,2.0,3.0,3.0,0.0,0.0,2026
2026-04-29,401866515,4398736,Dara Mabrey,dara mabrey,TOR,14.0,0,3,1,1,0,0,0.0,4.0,0.0,3.0,0.0,1.0,0.0,0.0,2026
2026-04-29,401866515,4597509,Aaliyah Nye,aaliyah nye,TOR,17.0,6,0,1,2,0,2,2.0,2.0,2.0,2.0,0.0,0.0,0.0,0.0,2026
2026-04-29,401866515,5345503,Maddison Rocci,maddison rocci,TOR,14.0,11,2,3,1,0,3,2.0,6.0,0.0,0.0,2.0,6.0,7.0,7.0,2026
2026-04-29,401866517,4433402,Angel Reese,angel reese,ATL,13.0,8,7,2,3,0,0,2.0,7.0,0.0,1.0,2.0,6.0,4.0,8.0,2026
2026-04-29,401866517,5017721,Sika Kone,sika kone,ATL,25.0,11,6,1,0,0,0,3.0,6.0,0.0,0.0,3.0,6.0,5.0,8.0,2026
2026-04-29,401866517,3058901,Allisha Gray,allisha gray,ATL,10.0,5,0,0,0,0,0,2.0,6.0,1.0,4.0,1.0,2.0,0.0,0.0,2026
2026-04-29,401866517,3142250,Jordin Canada,jordin canada,ATL,11.0,2,1,4,0,0,2,1.0,2.0,0.0,1.0,1.0,1.0,0.0,0.0,2026
2026-04-29,401866517,4398674,Rhyne Howard,rhyne howard,ATL,12.0,9,0,2,1,0,0,3.0,5.0,3.0,3.0,0.0,2.0,0.0,0.0,2026
2026-04-29,401866517,4433999,Sacha Washington,sacha washington,ATL,7.0,5,4,0,1,1,0,2.0,3.0,0.0,0.0,2.0,3.0,1.0,2.0,2026
2026-04-29,401866517,4898400,Taylor Thierry,taylor thierry,ATL,14.0,0,4,0,1,1,1,0.0,1.0,0.0,1.0,0.0,0.0,0.0,0.0,2026
2026-04-29,401866517,5106147,Bella Fontleroy,bella fontleroy,ATL,8.0,0,0,0,0,0,0,0.0,1.0,0.0,1.0,0.0,0.0,0.0,0.0,2026
2026-04-29,401866517,5108587,Madina Okot,madina okot,ATL,23.0,14,11,0,1,0,2,5.0,14.0,0.0,2.0,5.0,12.0,4.0,6.0,2026
2026-04-29,401866517,4433431,Te-Hina Paopao,te hina paopao,ATL,24.0,13,3,4,0,0,1,5.0,7.0,3.0,4.0,2.0,3.0,0.0,0.0,2026
2026-04-29,401866517,4433541,Laila Phelia,laila phelia,ATL,11.0,0,0,0,1,0,0,0.0,1.0,0.0,1.0,0.0,0.0,0.0,0.0,2026
2026-04-29,401866517,5105740,Indya Nivar,indya nivar,ATL,18.0,7,2,2,0,0,2,3.0,5.0,1.0,1.0,2.0,4.0,0.0,1.0,2026
2026-04-29,401866517,5208983,Isobel Borlase,isobel borlase,ATL,24.0,13,1,3,0,1,4,4.0,14.0,0.0,4.0,4.0,10.0,5.0,5.0,2026
2026-04-29,401866517,4433630,Rickea Jackson,rickea jackson,CHI,22.0,9,3,1,0,0,1,2.0,10.0,0.0,2.0,2.0,8.0,5.0,5.0,2026
2026-04-29,401866517,4433405,Kamilla Cardoso,kamilla cardoso,CHI,16.0,3,4,0,1,2,5,1.0,5.0,0.0,0.0,1.0,5.0,1.0,2.0,2026
2026-04-29,401866517,2566186,Rachel Banham,rachel banham,CHI,18.0,9,1,1,0,0,2,3.0,4.0,3.0,4.0,0.0,0.0,0.0,0.0,2026
2026-04-29,401866517,4432865,Jacy Sheldon,jacy sheldon,CHI,17.0,2,2,0,0,0,2,1.0,5.0,0.0,1.0,1.0,4.0,0.0,0.0,2026
2026-04-29,401866517,4433433,Aicha Coulibaly,aicha coulibaly,CHI,15.0,2,2,1,1,2,0,1.0,3.0,0.0,1.0,1.0,2.0,0.0,1.0,2026
2026-04-29,401866517,4433424,Maddy Westbeld,maddy westbeld,CHI,12.0,5,5,2,1,1,1,2.0,4.0,1.0,2.0,1.0,2.0,0.0,0.0,2026
2026-04-29,401866517,4433517,Latasha Lattimore,latasha lattimore,CHI,12.0,2,2,0,1,1,0,1.0,2.0,0.0,1.0,1.0,1.0,0.0,1.0,2026
2026-04-29,401866517,5315047,Megan Nestor,megan nestor,CHI,11.0,2,1,1,1,0,0,0.0,2.0,0.0,0.0,0.0,2.0,2.0,4.0,2026
2026-04-29,401866517,4433412,Hailey Van Lith,hailey van lith,CHI,24.0,5,1,6,1,0,1,2.0,6.0,0.0,1.0,2.0,5.0,1.0,1.0,2026
2026-04-29,401866517,4565515,Tonie Morgan,tonie morgan,CHI,12.0,9,5,4,1,0,0,3.0,5.0,1.0,1.0,2.0,4.0,2.0,2.0,2026
2026-04-29,401866517,4594786,Sydney Taylor,sydney taylor,CHI,17.0,23,1,0,0,1,3,7.0,13.0,2.0,7.0,5.0,6.0,7.0,11.0,2026
2026-04-29,401866517,4858656,Gabriela Jaquez,gabriela jaquez,CHI,12.0,4,4,0,1,0,1,1.0,2.0,0.0,0.0,1.0,2.0,2.0,3.0,2026
2026-04-29,401866517,4898392,Jordan Hobbs,jordan hobbs,CHI,13.0,3,1,2,0,0,1,1.0,1.0,1.0,1.0,0.0,0.0,0.0,0.0,2026
2026-04-30,401866516,4398729,Emily Engstler,emily engstler,POR,17.0,5,7,2,2,3,2,2.0,5.0,1.0,3.0,1.0,2.0,0.0,0.0,2026
2026-04-30,401866516,5209202,Nyadiew Puoch,nyadiew puoch,POR,21.0,4,3,1,2,1,2,1.0,5.0,0.0,1.0,1.0,4.0,2.0,4.0,2026
2026-04-30,401866516,4682797,Luisa Geiselsoder,luisa geiselsoder,POR,21.0,15,0,1,1,0,2,3.0,5.0,2.0,4.0,1.0,1.0,7.0,8.0,2026
2026-04-30,401866516,4703794,Sarah Ashlee Barker,sarah ashlee barker,POR,33.0,14,6,3,1,0,2,4.0,10.0,0.0,3.0,4.0,7.0,6.0,8.0,2026
2026-04-30,401866516,5208982,Carla Leite,carla leite,POR,22.0,12,2,5,0,0,3,3.0,6.0,1.0,2.0,2.0,4.0,5.0,11.0,2026
2026-04-30,401866516,4068104,Peyton Williams,peyton williams,POR,7.0,3,0,0,0,1,0,1.0,1.0,1.0,1.0,0.0,0.0,0.0,1.0,2026
2026-04-30,401866516,3934218,Megan Gustafson,megan gustafson,POR,23.0,8,2,0,1,0,1,3.0,7.0,1.0,4.0,2.0,3.0,1.0,2.0,2026
2026-04-30,401866516,5108550,Serah Williams,serah williams,POR,10.0,9,3,0,1,1,0,3.0,3.0,0.0,0.0,3.0,3.0,3.0,4.0,2026
2026-04-30,401866516,4595910,Haley Jones,haley jones,POR,28.0,6,7,0,3,0,4,2.0,8.0,0.0,2.0,2.0,6.0,2.0,2.0,2026
2026-04-30,401866516,5108051,Jordan Harrison,jordan harrison,POR,21.0,5,2,3,0,1,0,2.0,8.0,0.0,3.0,2.0,5.0,1.0,1.0,2026
2026-04-30,401866516,2529183,Stefanie Dolson,stefanie dolson,SEA,16.0,6,2,0,0,0,0,2.0,4.0,0.0,1.0,2.0,3.0,2.0,3.0,2026
2026-04-30,401866516,5220150,Dominique Malonga,dominique malonga,SEA,19.0,10,11,1,1,1,2,3.0,9.0,0.0,1.0,3.0,8.0,4.0,6.0,2026
2026-04-30,401866516,3058892,Lexie Brown,lexie brown,SEA,19.0,6,6,1,3,0,2,2.0,6.0,0.0,3.0,2.0,3.0,2.0,2.0,2026
2026-04-30,401866516,3906753,Natisha Hiedeman,natisha hiedeman,SEA,14.0,0,2,3,0,1,2,0.0,4.0,0.0,2.0,0.0,2.0,0.0,0.0,2026
2026-04-30,401866516,4698736,Flau'jae Johnson,flau jae johnson,SEA,19.0,20,3,1,1,0,2,5.0,12.0,3.0,7.0,2.0,5.0,7.0,8.0,2026
2026-04-30,401866516,3916517,Beatrice Mompremier,beatrice mompremier,SEA,2.0,0,0,0,0,0,0,0.0,1.0,0.0,0.0,0.0,1.0,0.0,0.0,2026
2026-04-30,401866516,4433643,Mackenzie Holmes,mackenzie holmes,SEA,21.0,8,7,0,1,1,2,2.0,7.0,0.0,1.0,2.0,6.0,4.0,4.0,2026
2026-04-30,401866516,5105731,Grace VanSlooten,grace vanslooten,SEA,8.0,1,1,0,0,0,0,0.0,1.0,0.0,0.0,0.0,1.0,1.0,2.0,2026
2026-04-30,401866516,4066527,Jaelyn Brown,jaelyn brown,SEA,12.0,6,0,0,0,0,2,1.0,4.0,1.0,3.0,0.0,1.0,3.0,4.0,2026
2026-04-30,401866516,4280888,Rennia Davis,rennia davis,SEA,11.0,6,2,1,0,0,0,3.0,3.0,0.0,0.0,3.0,3.0,0.0,0.0,2026
2026-04-30,401866516,4432832,Zia Cooke,zia cooke,SEA,18.0,19,0,0,0,0,0,5.0,12.0,4.0,9.0,1.0,3.0,5.0,7.0,2026
2026-04-30,401866516,4858671,Jalyn Brown,jalyn brown,SEA,4.0,0,3,1,0,0,0,0.0,1.0,0.0,0.0,0.0,1.0,0.0,0.0,2026
2026-04-30,401866516,5017726,Jade Melbourne,jade melbourne,SEA,18.0,4,1,3,1,1,2,1.0,5.0,0.0,2.0,1.0,3.0,2.0,4.0,2026
2026-04-30,401866516,5105756,Elle Ladine,elle ladine,SEA,6.0,3,1,0,1,0,0,1.0,2.0,1.0,2.0,0.0,0.0,0.0,0.0,2026
2026-04-30,401866516,5106222,Taina Mair,taina mair,SEA,12.0,2,4,5,0,0,2,0.0,2.0,0.0,0.0,0.0,2.0,2.0,2.0,2026
2026-04-30,401867792,5346553,Minami Yabu,minami yabu,JPN,14.0,2,1,0,0,0,0,1.0,8.0,0.0,4.0,1.0,4.0,0.0,0.0,2026
2026-04-30,401867792,5346804,Kadysha Juna Umezawa,kadysha juna umezawa,JPN,17.0,2,2,1,0,1,2,0.0,1.0,0.0,1.0,0.0,0.0,2.0,2.0,2026
2026-04-30,401867792,5346805,Kokoro Tanaka,kokoro tanaka,JPN,19.0,14,3,2,1,0,1,5.0,6.0,2.0,2.0,3.0,4.0,2.0,2.0,2026
2026-04-30,401867792,5346806,Mio Shiraishi,mio shiraishi,JPN,18.0,0,6,0,1,2,6,0.0,4.0,0.0,3.0,0.0,1.0,0.0,2.0,2026
2026-04-30,401867792,5220104,Mai Yamamoto,mai yamamoto,JPN,22.0,13,2,2,1,0,0,4.0,13.0,4.0,10.0,0.0,3.0,1.0,1.0,2026
2026-04-30,401867792,4873391,Nanako Todo,nanako todo,JPN,20.0,9,1,0,0,0,1,3.0,7.0,1.0,4.0,2.0,3.0,2.0,2.0,2026
2026-04-30,401867792,5346801,Nanami Tsuno,nanami tsuno,JPN,16.0,7,0,3,1,1,1,3.0,5.0,1.0,3.0,2.0,2.0,0.0,0.0,2026
2026-04-30,401867792,5346802,Ririka Okuyama,ririka okuyama,JPN,12.0,0,3,0,2,0,1,0.0,3.0,0.0,3.0,0.0,0.0,0.0,0.0,2026
2026-04-30,401867792,5346803,Mona Tateyama,mona tateyama,JPN,10.0,3,0,2,1,0,1,1.0,3.0,1.0,2.0,0.0,1.0,0.0,0.0,2026
2026-04-30,401867792,5346807,Suzuno Higuchi,suzuno higuchi,JPN,9.0,2,0,1,0,0,0,0.0,4.0,0.0,2.0,0.0,2.0,2.0,2.0,2026
2026-04-30,401867792,5346552,Azusa Asahina,azusa asahina,JPN,23.0,4,3,1,0,1,0,1.0,8.0,0.0,6.0,1.0,2.0,2.0,3.0,2026
2026-04-30,401867792,4433094,Norika Konno,norika konno,JPN,19.0,4,6,2,2,0,0,2.0,6.0,0.0,4.0,2.0,2.0,0.0,0.0,2026
2026-04-30,401867792,869,DeWanna Bonner,dewanna bonner,PHX,23.0,7,4,1,1,1,1,3.0,9.0,1.0,4.0,2.0,5.0,0.0,0.0,2026
2026-04-30,401867792,2529140,Alyssa Thomas,alyssa thomas,PHX,26.0,8,6,9,2,0,7,2.0,6.0,0.0,0.0,2.0,6.0,4.0,4.0,2026
2026-04-30,401867792,4068042,Natasha Mack,natasha mack,PHX,22.0,12,9,1,2,0,0,5.0,6.0,0.0,0.0,5.0,6.0,2.0,2.0,2026
2026-04-30,401867792,887,Sami Whitcomb,sami whitcomb,PHX,21.0,12,1,0,0,0,2,3.0,5.0,3.0,5.0,0.0,0.0,3.0,3.0,2026
2026-04-30,401867792,2998938,Kahleah Copper,kahleah copper,PHX,24.0,17,3,1,0,0,2,6.0,11.0,3.0,6.0,3.0,5.0,2.0,2.0,2026
2026-04-30,401867792,2984730,Jillian Alleyne,jillian alleyne,PHX,8.0,2,6,1,0,0,1,1.0,1.0,0.0,0.0,1.0,1.0,0.0,0.0,2026
2026-04-30,401867792,5107506,Maggie Doogan,maggie doogan,PHX,4.0,0,3,0,0,0,1,0.0,4.0,0.0,2.0,0.0,2.0,0.0,0.0,2026
2026-04-30,401867792,4433634,Ashten Prechtel,ashten prechtel,PHX,9.0,0,3,1,0,2,1,0.0,4.0,0.0,3.0,0.0,1.0,0.0,0.0,2026
2026-04-30,401867792,4281223,Aisha Sheppard,aisha sheppard,PHX,7.0,2,0,2,1,0,0,0.0,0.0,0.0,0.0,0.0,0.0,2.0,2.0,2026
2026-04-30,401867792,4282168,Kiana Williams,kiana williams,PHX,16.0,8,3,3,1,0,2,3.0,7.0,2.0,5.0,1.0,2.0,0.0,0.0,2026
2026-04-30,401867792,4597505,Lauren Jensen,lauren jensen,PHX,9.0,2,1,0,0,0,1,1.0,1.0,0.0,0.0,1.0,1.0,0.0,0.0,2026
2026-04-30,401867792,4599199,Morgan Maly,morgan maly,PHX,13.0,2,3,0,1,0,0,1.0,4.0,0.0,2.0,1.0,2.0,0.0,0.0,2026
2026-04-30,401867792,4688629,Shay Ciezki,shay ciezki,PHX,8.0,8,0,3,0,0,1,2.0,4.0,1.0,2.0,1.0,2.0,3.0,3.0,2026
2026-04-30,401867792,5107404,Sha Carter,sha carter,PHX,11.0,6,1,0,0,0,0,2.0,3.0,0.0,0.0,2.0,3.0,2.0,4.0,2026
2026-04-28,401867791,3926411,Pallas Kunaiyi,pallas kunaiyi,NIGER,18.0,11,6,0,2,1,3,2.0,5.0,0.0,0.0,2.0,5.0,7.0,9.0,2026
2026-04-28,401867791,5346853,Suzie Rafiu,suzie rafiu,NIGER,12.0,2,3,0,1,0,0,1.0,2.0,0.0,1.0,1.0,1.0,0.0,0.0,2026
2026-04-28,401867791,5312424,Uche Izoje,uche izoje,NIGER,22.0,8,7,2,0,0,2,4.0,10.0,0.0,1.0,4.0,9.0,0.0,0.0,2026
2026-04-28,401867791,2531437,Ezinne Kalu,ezinne kalu,NIGER,33.0,25,4,2,1,0,5,5.0,14.0,3.0,8.0,2.0,6.0,12.0,14.0,2026
2026-04-28,401867791,2592228,Promise Amukamara,promise amukamara,NIGER,30.0,5,2,5,2,0,0,1.0,4.0,1.0,4.0,0.0,0.0,2.0,2.0,2026
2026-04-28,401867791,4434019,Maryam Dauda,maryam dauda,NIGER,4.0,0,0,0,0,0,0,0.0,0.0,0.0,0.0,0.0,0.0,0.0,0.0,2026
2026-04-28,401867791,5346854,Regina Donanu,regina donanu,NIGER,5.0,0,0,0,0,0,0,0.0,0.0,0.0,0.0,0.0,0.0,0.0,0.0,2026
2026-04-28,401867791,5346856,Vera Ojenuwa,vera ojenuwa,NIGER,11.0,0,0,0,0,0,3,0.0,0.0,0.0,0.0,0.0,0.0,0.0,0.0,2026
2026-04-28,401867791,5346857,Jerni Kiaku,jerni kiaku,NIGER,1.0,0,0,0,0,0,0,0.0,0.0,0.0,0.0,0.0,0.0,0.0,0.0,2026
2026-04-28,401867791,2491811,Victoria Macaulay,victoria macaulay,NIGER,21.0,6,3,0,0,0,0,1.0,6.0,0.0,2.0,1.0,4.0,4.0,4.0,2026
2026-04-28,401867791,4280899,Blessing Ejiofor,blessing ejiofor,NIGER,14.0,6,4,0,1,0,0,3.0,5.0,0.0,0.0,3.0,5.0,0.0,2.0,2026
2026-04-28,401867791,5312434,Gabby White,gabby white,NIGER,29.0,16,7,2,1,1,2,7.0,14.0,0.0,2.0,7.0,12.0,2.0,6.0,2026
2026-04-28,401867791,3054590,Nia Coffey,nia coffey,MIN,23.0,10,3,1,0,1,1,4.0,8.0,0.0,3.0,4.0,5.0,2.0,3.0,2026
2026-04-28,401867791,4873358,Antonia Delaere,antonia delaere,MIN,22.0,3,1,3,1,0,0,1.0,2.0,1.0,2.0,0.0,0.0,0.0,0.0,2026
2026-04-28,401867791,5109356,Jade Masogayo,jade masogayo,MIN,10.0,4,3,1,1,0,2,2.0,5.0,0.0,0.0,2.0,5.0,0.0,0.0,2026
2026-04-28,401867791,2987891,Courtney Williams,courtney williams,MIN,12.0,17,1,1,1,0,2,7.0,9.0,2.0,2.0,5.0,7.0,1.0,1.0,2026
2026-04-28,401867791,4433791,Olivia Miles,olivia miles,MIN,19.0,11,5,5,0,0,0,3.0,5.0,0.0,1.0,3.0,4.0,5.0,8.0,2026
2026-04-28,401867791,4432844,Aubrey Griffin,aubrey griffin,MIN,10.0,0,0,0,0,0,0,0.0,0.0,0.0,0.0,0.0,0.0,0.0,0.0,2026
2026-04-28,401867791,4596309,Liatu King,liatu king,MIN,16.0,5,4,4,1,0,2,1.0,1.0,0.0,0.0,1.0,1.0,3.0,4.0,2026
2026-04-28,401867791,4433745,Sakima Walker,sakima walker,MIN,4.0,0,0,0,0,0,0,0.0,0.0,0.0,0.0,0.0,0.0,0.0,0.0,2026
2026-04-28,401867791,4703766,Ra Shaya Kyle,ra shaya kyle,MIN,4.0,0,1,0,0,0,1,0.0,0.0,0.0,0.0,0.0,0.0,0.0,0.0,2026
2026-04-28,401867791,4433386,Jaylyn Sherrod,jaylyn sherrod,MIN,12.0,6,0,0,1,0,1,1.0,2.0,0.0,0.0,1.0,2.0,4.0,4.0,2026
2026-04-28,401867791,4433542,Saylor Poffenbarger,saylor poffenbarger,MIN,28.0,8,3,1,0,2,2,3.0,11.0,2.0,10.0,1.0,1.0,0.0,0.0,2026
2026-04-28,401867791,4433543,Reigan Richardson,reigan richardson,MIN,12.0,5,1,0,0,0,0,2.0,3.0,0.0,1.0,2.0,2.0,1.0,1.0,2026
2026-04-28,401867791,4682766,Amaya Battle,amaya battle,MIN,2.0,0,0,0,0,0,0,0.0,0.0,0.0,0.0,0.0,0.0,0.0,0.0,2026
2026-04-28,401867791,5105748,Lani White,lani white,MIN,10.0,11,2,0,0,0,1,3.0,8.0,2.0,5.0,1.0,3.0,3.0,3.0,2026
2026-04-28,401867791,5345478,Eliska Hamzova,eliska hamzova,MIN,17.0,8,1,7,0,1,5,2.0,4.0,1.0,1.0,1.0,3.0,3.0,5.0,2026
2026-04-27,401869973,4873391,Nanako Todo,nanako todo,JPN,19.0,6,4,3,1,0,1,2.0,6.0,2.0,5.0,0.0,1.0,0.0,0.0,2026
2026-04-27,401869973,5346803,Mona Tateyama,mona tateyama,JPN,20.0,8,4,2,0,0,1,3.0,8.0,0.0,1.0,3.0,7.0,2.0,3.0,2026
2026-04-27,401869973,5346804,Kadysha Juna Umezawa,kadysha juna umezawa,JPN,17.0,8,2,1,0,1,1,2.0,4.0,1.0,2.0,1.0,2.0,3.0,3.0,2026
2026-04-27,401869973,4433094,Norika Konno,norika konno,JPN,26.0,12,9,2,3,1,0,4.0,11.0,2.0,6.0,2.0,5.0,2.0,2.0,2026
2026-04-27,401869973,5220104,Mai Yamamoto,mai yamamoto,JPN,28.0,24,5,4,1,0,2,8.0,20.0,7.0,13.0,1.0,7.0,1.0,2.0,2026
2026-04-27,401869973,5346553,Minami Yabu,minami yabu,JPN,17.0,0,3,0,0,0,2,0.0,4.0,0.0,4.0,0.0,0.0,0.0,0.0,2026
2026-04-27,401869973,5346801,Nanami Tsuno,nanami tsuno,JPN,16.0,5,0,1,1,0,3,2.0,9.0,1.0,5.0,1.0,4.0,0.0,0.0,2026
2026-04-27,401869973,5346806,Mio Shiraishi,mio shiraishi,JPN,20.0,6,1,0,1,0,1,2.0,6.0,0.0,1.0,2.0,5.0,2.0,2.0,2026
2026-04-27,401869973,5346807,Suzuno Higuchi,suzuno higuchi,JPN,14.0,5,0,0,0,0,2,2.0,3.0,1.0,1.0,1.0,2.0,0.0,0.0,2026
2026-04-27,401869973,5346552,Azusa Asahina,azusa asahina,JPN,23.0,4,3,2,1,0,1,2.0,5.0,0.0,2.0,2.0,3.0,0.0,0.0,2026
2026-04-27,401869973,3099736,Stephanie Talbot,stephanie talbot,LV,22.0,2,6,1,0,0,0,1.0,4.0,0.0,2.0,1.0,2.0,0.0,0.0,2026
2026-04-27,401869973,4398776,NaLyssa Smith,nalyssa smith,LV,18.0,11,13,1,0,3,0,4.0,5.0,0.0,0.0,4.0,5.0,3.0,4.0,2026
2026-04-27,401869973,2529122,Chelsea Gray,chelsea gray,LV,27.0,16,5,4,2,2,2,4.0,8.0,1.0,5.0,3.0,3.0,7.0,7.0,2026
2026-04-27,401869973,2987869,Jewell Loyd,jewell loyd,LV,26.0,13,1,1,1,0,0,5.0,10.0,3.0,8.0,2.0,2.0,0.0,0.0,2026
2026-04-27,401869973,4065870,Jackie Young,jackie young,LV,26.0,17,3,4,3,1,2,7.0,18.0,0.0,7.0,7.0,11.0,3.0,3.0,2026
2026-04-27,401869973,2529458,Cheyenne Parker-Tyus,cheyenne parker tyus,LV,5.0,0,0,0,0,1,3,0.0,2.0,0.0,0.0,0.0,2.0,0.0,0.0,2026
2026-04-27,401869973,3142086,Brianna Turner,brianna turner,LV,19.0,2,5,0,2,3,1,1.0,1.0,0.0,0.0,1.0,1.0,0.0,0.0,2026
2026-04-27,401869973,4433633,Kierstan Bell,kierstan bell,LV,26.0,14,3,3,0,0,2,5.0,10.0,3.0,8.0,2.0,2.0,1.0,1.0,2026
2026-04-27,401869973,4565501,Janiah Barker,janiah barker,LV,7.0,1,2,0,1,0,0,0.0,0.0,0.0,0.0,0.0,0.0,1.0,2.0,2026
2026-04-27,401869973,4280892,Chennedy Carter,chennedy carter,LV,20.0,18,5,2,0,1,1,5.0,10.0,1.0,4.0,4.0,6.0,7.0,9.0,2026
2026-04-27,401869973,4705226,Jordan Obi,jordan obi,LV,5.0,0,1,1,0,0,1,0.0,3.0,0.0,0.0,0.0,3.0,0.0,0.0,2026
2026-04-25,401866150,3142055,Myisha Hines-Allen,myisha hines allen,IND,18.0,0,4,2,0,0,1,0.0,4.0,0.0,0.0,0.0,4.0,0.0,0.0,2026
2026-04-25,401866150,3142255,Monique Billings,monique billings,IND,21.0,9,7,1,0,2,1,4.0,10.0,0.0,1.0,4.0,9.0,1.0,1.0,2026
2026-04-25,401866150,3142191,Kelsey Mitchell,kelsey mitchell,IND,17.0,18,0,1,0,0,1,7.0,12.0,2.0,3.0,5.0,9.0,2.0,2.0,2026
2026-04-25,401866150,3907781,Sophie Cunningham,sophie cunningham,IND,14.0,13,2,1,2,0,0,5.0,8.0,3.0,6.0,2.0,2.0,0.0,0.0,2026
2026-04-25,401866150,4433403,Caitlin Clark,caitlin clark,IND,17.0,7,3,4,0,1,0,2.0,10.0,1.0,5.0,1.0,5.0,2.0,2.0,2026
2026-04-25,401866150,4433546,Makayla Timpson,makayla timpson,IND,25.0,11,2,1,3,1,2,3.0,3.0,0.0,0.0,3.0,3.0,5.0,6.0,2026
2026-04-25,401866150,3058893,Shatori Walker-Kimbrough,shatori walker kimbrough,IND,22.0,18,4,2,2,2,1,7.0,11.0,1.0,2.0,6.0,9.0,3.0,4.0,2026
2026-04-25,401866150,4398947,Kayana Traylor,kayana traylor,IND,13.0,9,0,1,0,0,3,2.0,4.0,1.0,3.0,1.0,1.0,4.0,4.0,2026
2026-04-25,401866150,4433510,Megan McConnell,megan mcconnell,IND,11.0,0,1,4,2,0,1,0.0,1.0,0.0,0.0,0.0,1.0,0.0,0.0,2026
2026-04-25,401866150,4433797,Raven Johnson,raven johnson,IND,18.0,6,3,8,1,2,0,3.0,3.0,0.0,0.0,3.0,3.0,0.0,0.0,2026
2026-04-25,401866150,4433811,Jessica Timmons,jessica timmons,IND,14.0,10,0,1,1,0,2,4.0,6.0,1.0,3.0,3.0,3.0,1.0,2.0,2026
2026-04-25,401866150,4682855,Justine Pissott,justine pissott,IND,10.0,8,1,1,0,0,0,2.0,4.0,2.0,3.0,0.0,1.0,2.0,2.0,2026
2026-04-25,401866150,2998928,Breanna Stewart,breanna stewart,NY,12.0,16,5,0,0,0,1,6.0,7.0,2.0,2.0,4.0,5.0,2.0,2.0,2026
2026-04-25,401866150,2999101,Jonquel Jones,jonquel jones,NY,13.0,4,6,2,0,1,2,2.0,2.0,0.0,0.0,2.0,2.0,0.0,0.0,2026
2026-04-25,401866150,2327695,Rebekah Gardner,rebekah gardner,NY,21.0,11,1,2,1,0,1,4.0,6.0,1.0,3.0,3.0,3.0,2.0,2.0,2026
2026-04-25,401866150,2593770,Betnijah Laney-Hamilton,betnijah laney hamilton,NY,12.0,2,0,1,0,0,2,1.0,4.0,0.0,1.0,1.0,3.0,0.0,0.0,2026
2026-04-25,401866150,4066533,Sabrina Ionescu,sabrina ionescu,NY,15.0,1,2,4,1,0,2,0.0,2.0,0.0,1.0,0.0,1.0,1.0,2.0,2026
2026-04-25,401866150,4281930,Anneli Maley,anneli maley,NY,30.0,13,7,3,0,0,5,4.0,11.0,0.0,1.0,4.0,10.0,5.0,5.0,2026
2026-04-25,401866150,4595823,Alex Fowler,alex fowler,NY,23.0,8,5,1,2,0,2,3.0,8.0,0.0,2.0,3.0,6.0,2.0,6.0,2026
2026-04-25,401866150,4337216,Han Xu,han xu,NY,22.0,20,2,1,1,2,2,6.0,10.0,1.0,3.0,5.0,7.0,7.0,7.0,2026
2026-04-25,401866150,4433632,Ashley Owusu,ashley owusu,NY,13.0,2,3,1,0,0,0,0.0,4.0,0.0,0.0,0.0,4.0,2.0,2.0,2026
2026-04-25,401866150,4703579,Derin Erdogan,derin erdogan,NY,14.0,13,0,1,1,0,2,5.0,7.0,1.0,2.0,4.0,5.0,2.0,2.0,2026
2026-04-25,401866150,5106084,Ny'Ceara Pryor,ny ceara pryor,NY,24.0,1,3,5,4,0,3,0.0,4.0,0.0,0.0,0.0,4.0,1.0,2.0,2026
2026-04-25,401867790,3918557,Nicole Enabosi,nicole enabosi,NIGER,20.0,2,3,0,1,0,2,1.0,5.0,0.0,2.0,1.0,3.0,0.0,0.0,2026
2026-04-25,401867790,3926411,Pallas Kunaiyi,pallas kunaiyi,NIGER,10.0,11,2,0,1,1,1,4.0,4.0,0.0,0.0,4.0,4.0,3.0,7.0,2026
2026-04-25,401867790,2491811,Victoria Macaulay,victoria macaulay,NIGER,15.0,2,0,0,1,0,5,0.0,4.0,0.0,3.0,0.0,1.0,2.0,2.0,2026
2026-04-25,401867790,2531437,Ezinne Kalu,ezinne kalu,NIGER,27.0,8,3,4,2,0,3,0.0,2.0,0.0,1.0,0.0,1.0,8.0,11.0,2026
2026-04-25,401867790,2592228,Promise Amukamara,promise amukamara,NIGER,32.0,8,2,4,4,0,5,3.0,8.0,2.0,4.0,1.0,4.0,0.0,0.0,2026
2026-04-25,401867790,4434019,Maryam Dauda,maryam dauda,NIGER,7.0,0,0,0,0,1,0,0.0,0.0,0.0,0.0,0.0,0.0,0.0,0.0,2026
2026-04-25,401867790,5311604,Favour Nwaedozi,favour nwaedozi,NIGER,18.0,6,5,0,0,0,2,2.0,3.0,0.0,0.0,2.0,3.0,2.0,2.0,2026
2026-04-25,401867790,5312420,Nora Ezike,nora ezike,NIGER,11.0,3,2,0,1,0,1,1.0,6.0,1.0,2.0,0.0,4.0,0.0,0.0,2026
2026-04-25,401867790,4280899,Blessing Ejiofor,blessing ejiofor,NIGER,10.0,6,1,0,0,0,0,2.0,3.0,0.0,1.0,2.0,2.0,2.0,4.0,2026
2026-04-25,401867790,5312424,Uche Izoje,uche izoje,NIGER,22.0,10,5,1,0,0,1,4.0,11.0,0.0,2.0,4.0,9.0,2.0,4.0,2026
2026-04-25,401867790,5238309,Shay Ijiwoye,shay ijiwoye,NIGER,9.0,0,0,1,0,0,1,0.0,1.0,0.0,1.0,0.0,0.0,0.0,0.0,2026
2026-04-25,401867790,5312434,Gabby White,gabby white,NIGER,20.0,7,2,4,2,0,3,3.0,7.0,0.0,2.0,3.0,5.0,1.0,2.0,2026
2026-04-25,401867790,2566106,Dearica Hamby,dearica hamby,LA,16.0,6,2,2,0,0,2,2.0,4.0,0.0,1.0,2.0,3.0,2.0,2.0,2026
2026-04-25,401867790,4433404,Cameron Brink,cameron brink,LA,18.0,10,3,0,2,2,0,4.0,5.0,0.0,0.0,4.0,5.0,2.0,2.0,2026
2026-04-25,401867790,2491214,Erica Wheeler,erica wheeler,LA,15.0,4,0,7,0,0,1,1.0,1.0,0.0,0.0,1.0,1.0,2.0,2.0,2026
2026-04-25,401867790,3065570,Kelsey Plum,kelsey plum,LA,21.0,22,2,2,2,0,4,6.0,11.0,4.0,8.0,2.0,3.0,6.0,6.0,2026
2026-04-25,401867790,3146151,Ariel Atkins,ariel atkins,LA,23.0,8,6,4,3,0,0,3.0,5.0,2.0,3.0,1.0,2.0,0.0,0.0,2026
2026-04-25,401867790,2284331,Emma Cannon,emma cannon,LA,10.0,4,2,0,0,0,1,0.0,2.0,0.0,1.0,0.0,1.0,4.0,4.0,2026
2026-04-25,401867790,4433795,Sania Feagin,sania feagin,LA,10.0,7,1,1,1,0,1,2.0,3.0,0.0,0.0,2.0,3.0,3.0,4.0,2026
2026-04-25,401867790,5107515,Laura Ziegler,laura ziegler,LA,14.0,2,1,1,1,0,1,1.0,4.0,0.0,3.0,1.0,1.0,0.0,0.0,2026
2026-04-25,401867790,5239080,Amelia Hassett,amelia hassett,LA,12.0,3,3,0,1,0,0,1.0,2.0,1.0,2.0,0.0,0.0,0.0,0.0,2026
2026-04-25,401867790,2566110,Julie Vanloo,julie vanloo,LA,9.0,0,1,1,0,0,0,0.0,1.0,0.0,1.0,0.0,0.0,0.0,0.0,2026
2026-04-25,401867790,4609797,Ta'Niya Latson,ta niya latson,LA,22.0,7,5,6,0,1,2,3.0,9.0,0.0,3.0,3.0,6.0,1.0,1.0,2026
2026-04-25,401867790,5105729,Chance Gray,chance gray,LA,17.0,14,1,1,0,0,1,5.0,10.0,4.0,8.0,1.0,2.0,0.0,0.0,2026
2026-04-25,401867790,5209660,Sevgi Uzun,sevgi uzun,LA,13.0,2,2,0,0,1,4,1.0,2.0,0.0,1.0,1.0,1.0,0.0,0.0,2026
2026-04-25,401866152,4433630,Rickea Jackson,rickea jackson,CHI,21.0,15,3,2,0,0,6,3.0,8.0,0.0,1.0,3.0,7.0,9.0,9.0,2026
2026-04-25,401866152,4433405,Kamilla Cardoso,kamilla cardoso,CHI,17.0,10,4,1,0,0,1,3.0,4.0,0.0,0.0,3.0,4.0,4.0,7.0,2026
2026-04-25,401866152,2491205,Skylar Diggins,skylar diggins,CHI,14.0,7,1,4,0,0,1,2.0,5.0,0.0,2.0,2.0,3.0,3.0,6.0,2026
2026-04-25,401866152,4432865,Jacy Sheldon,jacy sheldon,CHI,17.0,3,1,2,1,0,1,1.0,5.0,0.0,2.0,1.0,3.0,1.0,1.0,2026
2026-04-25,401866152,4433433,Aicha Coulibaly,aicha coulibaly,CHI,15.0,7,1,0,2,1,1,1.0,3.0,0.0,0.0,1.0,3.0,5.0,5.0,2026
2026-04-25,401866152,4433517,Latasha Lattimore,latasha lattimore,CHI,11.0,4,0,0,0,0,0,1.0,1.0,1.0,1.0,0.0,0.0,1.0,2.0,2026
2026-04-25,401866152,5315047,Megan Nestor,megan nestor,CHI,10.0,4,3,0,1,0,0,1.0,3.0,0.0,0.0,1.0,3.0,2.0,2.0,2026
2026-04-25,401866152,4281245,Sidney Cooks,sidney cooks,CHI,10.0,2,1,0,0,1,1,1.0,2.0,0.0,1.0,1.0,1.0,0.0,0.0,2026
2026-04-25,401866152,2566186,Rachel Banham,rachel banham,CHI,16.0,12,0,1,1,0,1,3.0,4.0,3.0,4.0,0.0,0.0,3.0,4.0,2026
2026-04-25,401866152,4433412,Hailey Van Lith,hailey van lith,CHI,17.0,20,1,3,1,0,0,8.0,8.0,1.0,1.0,7.0,7.0,3.0,4.0,2026
2026-04-25,401866152,4565515,Tonie Morgan,tonie morgan,CHI,10.0,2,2,0,0,0,1,1.0,2.0,0.0,0.0,1.0,2.0,0.0,0.0,2026
2026-04-25,401866152,4594786,Sydney Taylor,sydney taylor,CHI,11.0,6,2,5,0,0,1,2.0,5.0,1.0,2.0,1.0,3.0,1.0,2.0,2026
2026-04-25,401866152,4858656,Gabriela Jaquez,gabriela jaquez,CHI,19.0,12,3,0,0,0,0,3.0,8.0,0.0,2.0,3.0,6.0,6.0,6.0,2026
2026-04-25,401866152,4898392,Jordan Hobbs,jordan hobbs,CHI,12.0,0,3,0,0,0,0,0.0,1.0,0.0,0.0,0.0,1.0,0.0,0.0,2026
2026-04-25,401866152,869,DeWanna Bonner,dewanna bonner,PHX,12.0,6,3,0,0,0,3,2.0,6.0,0.0,2.0,2.0,4.0,2.0,2.0,2026
2026-04-25,401866152,2529140,Alyssa Thomas,alyssa thomas,PHX,14.0,4,3,8,2,0,1,0.0,1.0,0.0,0.0,0.0,1.0,4.0,4.0,2026
2026-04-25,401866152,4068042,Natasha Mack,natasha mack,PHX,13.0,5,6,0,1,0,1,2.0,4.0,0.0,0.0,2.0,4.0,1.0,2.0,2026
2026-04-25,401866152,887,Sami Whitcomb,sami whitcomb,PHX,13.0,3,3,2,0,0,1,1.0,2.0,1.0,1.0,0.0,1.0,0.0,0.0,2026
2026-04-25,401866152,2998938,Kahleah Copper,kahleah copper,PHX,13.0,19,1,0,1,0,0,7.0,12.0,4.0,6.0,3.0,6.0,1.0,2.0,2026
2026-04-25,401866152,2984730,Jillian Alleyne,jillian alleyne,PHX,11.0,8,2,3,0,1,2,3.0,3.0,0.0,0.0,3.0,3.0,2.0,2.0,2026
2026-04-25,401866152,5107506,Maggie Doogan,maggie doogan,PHX,8.0,2,0,0,0,0,0,0.0,0.0,0.0,0.0,0.0,0.0,2.0,2.0,2026
2026-04-25,401866152,4433634,Ashten Prechtel,ashten prechtel,PHX,16.0,9,5,1,0,1,1,2.0,5.0,2.0,5.0,0.0,0.0,3.0,6.0,2026
2026-04-25,401866152,4281223,Aisha Sheppard,aisha sheppard,PHX,6.0,3,1,0,0,0,1,1.0,2.0,0.0,1.0,1.0,1.0,1.0,1.0,2026
2026-04-25,401866152,4282168,Kiana Williams,kiana williams,PHX,23.0,16,1,1,1,0,3,5.0,12.0,4.0,9.0,1.0,3.0,2.0,3.0,2026
2026-04-25,401866152,4597505,Lauren Jensen,lauren jensen,PHX,16.0,6,1,3,0,0,1,1.0,4.0,0.0,2.0,1.0,2.0,4.0,4.0,2026
2026-04-25,401866152,4599199,Morgan Maly,morgan maly,PHX,17.0,2,1,1,1,0,0,0.0,3.0,0.0,2.0,0.0,1.0,2.0,2.0,2026
2026-04-25,401866152,4688629,Shay Ciezki,shay ciezki,PHX,8.0,2,0,4,0,0,1,1.0,2.0,0.0,1.0,1.0,1.0,0.0,0.0,2026
2026-04-25,401866152,4698730,Kara Dunn,kara dunn,PHX,12.0,13,3,1,0,0,1,4.0,4.0,3.0,3.0,1.0,1.0,2.0,2.0,2026
2026-04-25,401866152,5107404,Sha Carter,sha carter,PHX,19.0,10,3,0,2,0,0,2.0,3.0,1.0,2.0,1.0,1.0,5.0,6.0,2026
2026-04-25,401866513,3054590,Nia Coffey,nia coffey,MIN,13.0,5,4,1,0,3,0,1.0,5.0,1.0,2.0,0.0,3.0,2.0,2.0,2026
2026-04-25,401866513,4703766,Ra Shaya Kyle,ra shaya kyle,MIN,13.0,5,4,2,1,0,3,1.0,1.0,0.0,0.0,1.0,1.0,3.0,3.0,2026
2026-04-25,401866513,2987891,Courtney Williams,courtney williams,MIN,12.0,4,2,3,0,0,1,2.0,6.0,0.0,2.0,2.0,4.0,0.0,0.0,2026
2026-04-25,401866513,4433543,Reigan Richardson,reigan richardson,MIN,11.0,3,0,0,1,0,2,1.0,2.0,1.0,1.0,0.0,1.0,0.0,0.0,2026
2026-04-25,401866513,4433791,Olivia Miles,olivia miles,MIN,17.0,8,3,2,1,0,4,3.0,5.0,1.0,2.0,2.0,3.0,1.0,1.0,2026
2026-04-25,401866513,4432844,Aubrey Griffin,aubrey griffin,MIN,15.0,6,2,0,1,1,1,2.0,4.0,0.0,0.0,2.0,4.0,2.0,2.0,2026
2026-04-25,401866513,4596309,Liatu King,liatu king,MIN,18.0,6,4,1,1,2,2,3.0,8.0,0.0,2.0,3.0,6.0,0.0,0.0,2026
2026-04-25,401866513,4873358,Antonia Delaere,antonia delaere,MIN,18.0,5,3,2,0,0,2,2.0,4.0,1.0,3.0,1.0,1.0,0.0,0.0,2026
2026-04-25,401866513,5109356,Jade Masogayo,jade masogayo,MIN,8.0,6,0,0,0,0,2,3.0,4.0,0.0,0.0,3.0,4.0,0.0,0.0,2026
2026-04-25,401866513,4433745,Sakima Walker,sakima walker,MIN,13.0,4,2,1,0,2,1,2.0,4.0,0.0,0.0,2.0,4.0,0.0,0.0,2026
2026-04-25,401866513,4433386,Jaylyn Sherrod,jaylyn sherrod,MIN,14.0,9,0,2,2,0,0,4.0,5.0,0.0,0.0,4.0,5.0,1.0,2.0,2026
2026-04-25,401866513,4433542,Saylor Poffenbarger,saylor poffenbarger,MIN,26.0,9,13,1,1,1,0,3.0,6.0,1.0,4.0,2.0,2.0,2.0,2.0,2026
2026-04-25,401866513,4682766,Amaya Battle,amaya battle,MIN,1.0,0,1,0,1,0,0,0.0,1.0,0.0,0.0,0.0,1.0,0.0,2.0,2026
2026-04-25,401866513,5105748,Lani White,lani white,MIN,8.0,1,0,0,0,0,0,0.0,3.0,0.0,2.0,0.0,1.0,1.0,2.0,2026
2026-04-25,401866513,5345478,Eliska Hamzova,eliska hamzova,MIN,13.0,6,1,2,1,1,3,0.0,5.0,0.0,0.0,0.0,5.0,6.0,10.0,2026
2026-04-25,401866513,4433411,Angela Dugalic,angela dugalic,WSH,20.0,2,5,0,2,1,1,0.0,7.0,0.0,2.0,0.0,5.0,2.0,2.0,2026
2026-04-25,401866513,5105737,Lauren Betts,lauren betts,WSH,23.0,13,5,1,1,1,1,2.0,7.0,0.0,0.0,2.0,7.0,9.0,10.0,2026
2026-04-25,401866513,4433524,Sonia Citron,sonia citron,WSH,20.0,12,3,2,1,0,2,4.0,11.0,2.0,6.0,2.0,5.0,2.0,3.0,2026
2026-04-25,401866513,4583144,Cotie McMahon,cotie mcmahon,WSH,23.0,11,3,2,2,0,1,4.0,10.0,1.0,4.0,3.0,6.0,2.0,5.0,2026
2026-04-25,401866513,4704180,Georgia Amoore,georgia amoore,WSH,13.0,3,1,2,1,0,1,1.0,4.0,1.0,3.0,0.0,1.0,0.0,0.0,2026
2026-04-25,401866513,4565510,Nyla Harris,nyla harris,WSH,11.0,4,2,0,0,0,0,2.0,2.0,0.0,0.0,2.0,2.0,0.0,0.0,2026
2026-04-25,401866513,4682992,Christeen Iwuala,christeen iwuala,WSH,7.0,3,3,0,1,0,1,1.0,4.0,0.0,0.0,1.0,4.0,1.0,2.0,2026
2026-04-25,401866513,4281233,Kamaria McDaniel,kamaria mcdaniel,WSH,8.0,1,1,1,0,1,0,0.0,2.0,0.0,1.0,0.0,1.0,1.0,4.0,2026
2026-04-25,401866513,4433416,Madison Scott,madison scott,WSH,7.0,0,1,0,1,0,0,0.0,2.0,0.0,0.0,0.0,2.0,0.0,0.0,2026
2026-04-25,401866513,4433523,Rori Harmon,rori harmon,WSH,16.0,1,1,1,3,0,3,0.0,2.0,0.0,0.0,0.0,2.0,1.0,4.0,2026
2026-04-25,401866513,4433815,Lucy Olsen,lucy olsen,WSH,22.0,2,4,2,0,0,0,1.0,4.0,0.0,2.0,1.0,2.0,0.0,0.0,2026
2026-04-25,401866513,5106145,Darianna Littlepage-Buggs,darianna littlepage buggs,WSH,10.0,5,3,0,0,0,1,1.0,3.0,0.0,1.0,1.0,2.0,3.0,4.0,2026
2026-04-25,401866513,5122345,Cassandre Prosper,cassandre prosper,WSH,20.0,9,5,2,0,1,3,2.0,7.0,1.0,1.0,1.0,6.0,4.0,6.0,2026
2026-04-26,401866514,2529183,Stefanie Dolson,stefanie dolson,SEA,18.0,0,2,0,1,0,1,0.0,3.0,0.0,1.0,0.0,2.0,0.0,0.0,2026
2026-04-26,401866514,5220150,Dominique Malonga,dominique malonga,SEA,21.0,10,5,1,1,0,1,3.0,10.0,1.0,3.0,2.0,7.0,3.0,6.0,2026
2026-04-26,401866514,3058892,Lexie Brown,lexie brown,SEA,25.0,9,3,0,0,0,3,3.0,6.0,2.0,3.0,1.0,3.0,1.0,2.0,2026
2026-04-26,401866514,4698736,Flau'jae Johnson,flau jae johnson,SEA,23.0,12,4,0,1,0,0,5.0,10.0,1.0,2.0,4.0,8.0,1.0,1.0,2026
2026-04-26,401866514,5017726,Jade Melbourne,jade melbourne,SEA,18.0,9,0,2,1,0,3,4.0,6.0,1.0,1.0,3.0,5.0,0.0,0.0,2026
2026-04-26,401866514,4433643,Mackenzie Holmes,mackenzie holmes,SEA,13.0,3,3,0,1,0,0,1.0,2.0,1.0,1.0,0.0,1.0,0.0,0.0,2026
2026-04-26,401866514,5105731,Grace VanSlooten,grace vanslooten,SEA,22.0,3,3,1,0,1,0,0.0,2.0,0.0,0.0,0.0,2.0,3.0,4.0,2026
2026-04-26,401866514,4066527,Jaelyn Brown,jaelyn brown,SEA,12.0,8,2,1,1,0,0,2.0,5.0,1.0,1.0,1.0,4.0,3.0,4.0,2026
2026-04-26,401866514,4280888,Rennia Davis,rennia davis,SEA,6.0,7,4,0,0,0,1,3.0,5.0,0.0,0.0,3.0,5.0,1.0,1.0,2026
2026-04-26,401866514,4432832,Zia Cooke,zia cooke,SEA,20.0,12,2,3,0,0,3,3.0,9.0,0.0,2.0,3.0,7.0,6.0,6.0,2026
2026-04-26,401866514,5105756,Elle Ladine,elle ladine,SEA,6.0,1,0,0,0,0,0,0.0,2.0,0.0,1.0,0.0,1.0,1.0,2.0,2026
2026-04-26,401866514,5106222,Taina Mair,taina mair,SEA,17.0,2,2,4,1,0,2,1.0,4.0,0.0,3.0,1.0,1.0,0.0,0.0,2026
2026-04-26,401866514,2529622,Kayla Thornton,kayla thornton,GS,15.0,7,1,0,0,0,0,3.0,8.0,1.0,5.0,2.0,3.0,0.0,0.0,2026
2026-04-26,401866514,2590093,Kiah Stokes,kiah stokes,GS,10.0,0,5,0,1,0,2,0.0,1.0,0.0,1.0,0.0,0.0,0.0,0.0,2026
2026-04-26,401866514,1054,Tiffany Hayes,tiffany hayes,GS,10.0,5,0,1,1,0,1,2.0,4.0,1.0,2.0,1.0,2.0,0.0,0.0,2026
2026-04-26,401866514,4398907,Kate Martin,kate martin,GS,23.0,8,7,2,0,0,1,2.0,6.0,2.0,5.0,0.0,1.0,2.0,4.0,2026
2026-04-26,401866514,4398935,Veronica Burton,veronica burton,GS,14.0,14,1,3,1,0,2,4.0,7.0,4.0,7.0,0.0,0.0,2.0,2.0,2026
2026-04-26,401866514,4398698,Cate Reese,cate reese,GS,11.0,2,2,0,1,0,2,0.0,1.0,0.0,0.0,0.0,1.0,2.0,2.0,2026
2026-04-26,401866514,4432834,Laeticia Amihere,laeticia amihere,GS,15.0,3,4,1,1,1,1,1.0,5.0,0.0,1.0,1.0,4.0,1.0,4.0,2026
2026-04-26,401866514,4704594,Marta Suarez,marta suarez,GS,14.0,5,3,1,1,0,0,2.0,5.0,1.0,3.0,1.0,2.0,0.0,0.0,2026
2026-04-26,401866514,3904479,Mariella Fasoula,mariella fasoula,GS,6.0,5,1,0,0,1,0,2.0,3.0,1.0,1.0,1.0,2.0,0.0,0.0,2026
2026-04-26,401866514,4398577,Miela Sowah,miela sowah,GS,14.0,14,2,1,1,0,3,5.0,6.0,4.0,4.0,1.0,2.0,0.0,0.0,2026
2026-04-26,401866514,4433534,Caroline Ducharme,caroline ducharme,GS,7.0,3,1,1,0,0,0,1.0,2.0,1.0,1.0,0.0,1.0,0.0,0.0,2026
2026-04-26,401866514,4899328,Kaitlyn Chen,kaitlyn chen,GS,29.0,11,2,3,0,0,1,5.0,9.0,0.0,1.0,5.0,8.0,1.0,2.0,2026
2026-04-26,401866514,5106170,Ndjakalenga Mwenentanda,ndjakalenga mwenentanda,GS,7.0,0,1,1,0,0,0,0.0,1.0,0.0,1.0,0.0,0.0,0.0,0.0,2026
2026-04-26,401866514,5106232,Ashlon Jackson,ashlon jackson,GS,26.0,1,5,2,2,1,5,0.0,1.0,0.0,1.0,0.0,0.0,1.0,2.0,2026
2026-04-26,401866514,5345336,Kokoro Tanaka,kokoro tanaka,GS,,0,0,0,0,0,0,0.0,0.0,0.0,0.0,0.0,0.0,0.0,0.0,2026
